timestamp,buyer,seller,symbol,currency,price,quantity
0,,,ASH_COATED_OSMIUM,XIRECS,9995.0,6
3600,,,ASH_COATED_OSMIUM,XIRECS,10009.0,3
4200,,,ASH_COATED_OSMIUM,XIRECS,10011.0,2
4400,,,INTARIAN_PEPPER_ROOT,XIRECS,12011.0,5
4800,,,INTARIAN_PEPPER_ROOT,XIRECS,12008.0,3
5000,,,INTARIAN_PEPPER_ROOT,XIRECS,11998.0,5
9100,,,ASH_COATED_OSMIUM,XIRECS,9998.0,4
9600,,,ASH_COATED_OSMIUM,XIRECS,9993.0,6
10000,,,ASH_COATED_OSMIUM,XIRECS,9994.0,8
12100,,,ASH_COATED_OSMIUM,XIRECS,9994.0,5
14000,,,ASH_COATED_OSMIUM,XIRECS,10011.0,3
15100,,,ASH_COATED_OSMIUM,XIRECS,10010.0,2
15100,,,ASH_COATED_OSMIUM,XIRECS,10010.0,8
17400,,,INTARIAN_PEPPER_ROOT,XIRECS,12013.0,3
18500,,,ASH_COATED_OSMIUM,XIRECS,10010.0,6
23000,,,INTARIAN_PEPPER_ROOT,XIRECS,12016.0,4
23100,,,INTARIAN_PEPPER_ROOT,XIRECS,12019.0,4
23900,,,ASH_COATED_OSMIUM,XIRECS,9990.0,4
24300,,,ASH_COATED_OSMIUM,XIRECS,9993.0,4
24600,,,ASH_COATED_OSMIUM,XIRECS,9992.0,3
30400,,,ASH_COATED_OSMIUM,XIRECS,10009.0,2
30400,,,INTARIAN_PEPPER_ROOT,XIRECS,12037.0,6
32800,,,ASH_COATED_OSMIUM,XIRECS,9992.0,4
34000,,,ASH_COATED_OSMIUM,XIRECS,10010.0,7
34400,,,INTARIAN_PEPPER_ROOT,XIRECS,12041.0,3
34500,,,ASH_COATED_OSMIUM,XIRECS,9993.0,8
35700,,,INTARIAN_PEPPER_ROOT,XIRECS,12045.0,7
35700,,,INTARIAN_PEPPER_ROOT,XIRECS,12039.0,3
35800,,,INTARIAN_PEPPER_ROOT,XIRECS,12032.0,7
36500,,,ASH_COATED_OSMIUM,XIRECS,10010.0,3
37900,,,ASH_COATED_OSMIUM,XIRECS,9990.0,4
38400,,,ASH_COATED_OSMIUM,XIRECS,10009.0,3
38500,,,INTARIAN_PEPPER_ROOT,XIRECS,12032.0,5
39100,,,ASH_COATED_OSMIUM,XIRECS,10009.0,6
39900,,,ASH_COATED_OSMIUM,XIRECS,10010.0,7
41500,,,ASH_COATED_OSMIUM,XIRECS,10009.0,5
42800,,,INTARIAN_PEPPER_ROOT,XIRECS,12049.0,5
44700,,,INTARIAN_PEPPER_ROOT,XIRECS,12041.0,8
50900,,,ASH_COATED_OSMIUM,XIRECS,9990.0,5
51400,,,INTARIAN_PEPPER_ROOT,XIRECS,12045.0,4
52600,,,INTARIAN_PEPPER_ROOT,XIRECS,12056.0,8
54600,,,ASH_COATED_OSMIUM,XIRECS,9988.0,6
57000,,,INTARIAN_PEPPER_ROOT,XIRECS,12067.0,4
58400,,,ASH_COATED_OSMIUM,XIRECS,9987.0,3
59500,,,ASH_COATED_OSMIUM,XIRECS,10002.0,2
62000,,,ASH_COATED_OSMIUM,XIRECS,10005.0,6
63700,,,ASH_COATED_OSMIUM,XIRECS,9989.0,2
64300,,,INTARIAN_PEPPER_ROOT,XIRECS,12060.0,3
64900,,,ASH_COATED_OSMIUM,XIRECS,10004.0,4
65300,,,ASH_COATED_OSMIUM,XIRECS,9985.0,2
67600,,,INTARIAN_PEPPER_ROOT,XIRECS,12071.0,4
68000,,,ASH_COATED_OSMIUM,XIRECS,10005.0,3
70400,,,INTARIAN_PEPPER_ROOT,XIRECS,12074.0,5
71500,,,INTARIAN_PEPPER_ROOT,XIRECS,12067.0,4
73700,,,INTARIAN_PEPPER_ROOT,XIRECS,12067.0,4
76300,,,ASH_COATED_OSMIUM,XIRECS,9993.0,6
76500,,,ASH_COATED_OSMIUM,XIRECS,10012.0,8
77200,,,INTARIAN_PEPPER_ROOT,XIRECS,12071.0,3
80200,,,INTARIAN_PEPPER_ROOT,XIRECS,12074.0,5
83700,,,ASH_COATED_OSMIUM,XIRECS,10005.0,2
84400,,,INTARIAN_PEPPER_ROOT,XIRECS,12088.0,5
84600,,,INTARIAN_PEPPER_ROOT,XIRECS,12091.0,6
84800,,,INTARIAN_PEPPER_ROOT,XIRECS,12088.0,5
85500,,,ASH_COATED_OSMIUM,XIRECS,9988.0,7
85700,,,ASH_COATED_OSMIUM,XIRECS,9995.0,3
85900,,,ASH_COATED_OSMIUM,XIRECS,9986.0,5
87400,,,INTARIAN_PEPPER_ROOT,XIRECS,12081.0,3
87900,,,ASH_COATED_OSMIUM,XIRECS,9992.0,5
88300,,,ASH_COATED_OSMIUM,XIRECS,10011.0,2
90200,,,ASH_COATED_OSMIUM,XIRECS,10011.0,10
90700,,,ASH_COATED_OSMIUM,XIRECS,10011.0,2
90800,,,ASH_COATED_OSMIUM,XIRECS,9995.0,6
91700,,,INTARIAN_PEPPER_ROOT,XIRECS,12088.0,8
92500,,,INTARIAN_PEPPER_ROOT,XIRECS,12099.0,7
95900,,,ASH_COATED_OSMIUM,XIRECS,10008.0,3
96900,,,ASH_COATED_OSMIUM,XIRECS,10007.0,6
96900,,,ASH_COATED_OSMIUM,XIRECS,10007.0,8
97200,,,INTARIAN_PEPPER_ROOT,XIRECS,12104.0,7
105900,,,ASH_COATED_OSMIUM,XIRECS,10013.0,5
107000,,,INTARIAN_PEPPER_ROOT,XIRECS,12114.0,7
107200,,,ASH_COATED_OSMIUM,XIRECS,9995.0,3
108800,,,INTARIAN_PEPPER_ROOT,XIRECS,12112.0,3
109800,,,INTARIAN_PEPPER_ROOT,XIRECS,12116.0,4
109800,,,INTARIAN_PEPPER_ROOT,XIRECS,12113.0,3
111600,,,ASH_COATED_OSMIUM,XIRECS,9993.0,5
114700,,,ASH_COATED_OSMIUM,XIRECS,9995.0,3
116100,,,ASH_COATED_OSMIUM,XIRECS,9993.0,8
117500,,,INTARIAN_PEPPER_ROOT,XIRECS,12111.0,6
120100,,,INTARIAN_PEPPER_ROOT,XIRECS,12127.0,4
122000,,,ASH_COATED_OSMIUM,XIRECS,10012.0,10
122300,,,ASH_COATED_OSMIUM,XIRECS,10012.0,5
122400,,,INTARIAN_PEPPER_ROOT,XIRECS,12129.0,7
124500,,,ASH_COATED_OSMIUM,XIRECS,9992.0,2
126400,,,ASH_COATED_OSMIUM,XIRECS,9993.0,6
126500,,,ASH_COATED_OSMIUM,XIRECS,9993.0,6
127800,,,ASH_COATED_OSMIUM,XIRECS,10012.0,2
127800,,,INTARIAN_PEPPER_ROOT,XIRECS,12121.0,3
129500,,,INTARIAN_PEPPER_ROOT,XIRECS,12136.0,3
130300,,,ASH_COATED_OSMIUM,XIRECS,10011.0,2
131000,,,ASH_COATED_OSMIUM,XIRECS,10008.0,9
131100,,,INTARIAN_PEPPER_ROOT,XIRECS,12138.0,4
131400,,,ASH_COATED_OSMIUM,XIRECS,10009.0,2
132300,,,INTARIAN_PEPPER_ROOT,XIRECS,12126.0,3
137700,,,ASH_COATED_OSMIUM,XIRECS,10012.0,3
138000,,,INTARIAN_PEPPER_ROOT,XIRECS,12131.0,4
138700,,,INTARIAN_PEPPER_ROOT,XIRECS,12142.0,3
139400,,,ASH_COATED_OSMIUM,XIRECS,9995.0,6
139400,,,ASH_COATED_OSMIUM,XIRECS,9995.0,5
141900,,,INTARIAN_PEPPER_ROOT,XIRECS,12135.0,4
142000,,,ASH_COATED_OSMIUM,XIRECS,9994.0,2
142200,,,ASH_COATED_OSMIUM,XIRECS,9994.0,6
142300,,,INTARIAN_PEPPER_ROOT,XIRECS,12145.0,6
146700,,,ASH_COATED_OSMIUM,XIRECS,10010.0,6
148200,,,INTARIAN_PEPPER_ROOT,XIRECS,12142.0,7
149500,,,ASH_COATED_OSMIUM,XIRECS,10012.0,9
153200,,,ASH_COATED_OSMIUM,XIRECS,9996.0,5
154600,,,ASH_COATED_OSMIUM,XIRECS,9995.0,2
155300,,,ASH_COATED_OSMIUM,XIRECS,10012.0,10
155500,,,ASH_COATED_OSMIUM,XIRECS,10012.0,6
155700,,,ASH_COATED_OSMIUM,XIRECS,10015.0,7
155800,,,ASH_COATED_OSMIUM,XIRECS,9997.0,5
158200,,,ASH_COATED_OSMIUM,XIRECS,9998.0,5
164100,,,INTARIAN_PEPPER_ROOT,XIRECS,12167.0,5
164200,,,INTARIAN_PEPPER_ROOT,XIRECS,12160.0,7
165300,,,ASH_COATED_OSMIUM,XIRECS,9998.0,5
170300,,,INTARIAN_PEPPER_ROOT,XIRECS,12177.0,7
170500,,,INTARIAN_PEPPER_ROOT,XIRECS,12174.0,7
172700,,,ASH_COATED_OSMIUM,XIRECS,10015.0,4
173100,,,ASH_COATED_OSMIUM,XIRECS,10009.0,2
177700,,,ASH_COATED_OSMIUM,XIRECS,9998.0,10
177900,,,INTARIAN_PEPPER_ROOT,XIRECS,12171.0,5
181600,,,ASH_COATED_OSMIUM,XIRECS,9999.0,2
182700,,,ASH_COATED_OSMIUM,XIRECS,9998.0,5
184700,,,ASH_COATED_OSMIUM,XIRECS,10008.0,5
184800,,,ASH_COATED_OSMIUM,XIRECS,9999.0,4
185500,,,INTARIAN_PEPPER_ROOT,XIRECS,12189.0,5
185900,,,ASH_COATED_OSMIUM,XIRECS,10000.0,10
186800,,,ASH_COATED_OSMIUM,XIRECS,9999.0,4
190400,,,ASH_COATED_OSMIUM,XIRECS,10012.0,3
191800,,,INTARIAN_PEPPER_ROOT,XIRECS,12182.0,4
192600,,,ASH_COATED_OSMIUM,XIRECS,9997.0,8
192900,,,ASH_COATED_OSMIUM,XIRECS,10013.0,10
194900,,,INTARIAN_PEPPER_ROOT,XIRECS,12191.0,6
197300,,,ASH_COATED_OSMIUM,XIRECS,9997.0,9
198600,,,INTARIAN_PEPPER_ROOT,XIRECS,12192.0,5
199400,,,INTARIAN_PEPPER_ROOT,XIRECS,12206.0,5
200100,,,ASH_COATED_OSMIUM,XIRECS,9997.0,6
200300,,,ASH_COATED_OSMIUM,XIRECS,9998.0,10
200400,,,ASH_COATED_OSMIUM,XIRECS,10014.0,2
200600,,,ASH_COATED_OSMIUM,XIRECS,10013.0,2
200700,,,ASH_COATED_OSMIUM,XIRECS,10012.0,8
201700,,,ASH_COATED_OSMIUM,XIRECS,9994.0,4
204000,,,INTARIAN_PEPPER_ROOT,XIRECS,12211.0,7
204600,,,INTARIAN_PEPPER_ROOT,XIRECS,12198.0,5
205600,,,ASH_COATED_OSMIUM,XIRECS,9991.0,2
206600,,,ASH_COATED_OSMIUM,XIRECS,9993.0,7
207500,,,INTARIAN_PEPPER_ROOT,XIRECS,12214.0,3
208900,,,ASH_COATED_OSMIUM,XIRECS,9988.0,10
210000,,,ASH_COATED_OSMIUM,XIRECS,9987.0,4
212100,,,INTARIAN_PEPPER_ROOT,XIRECS,12215.0,4
212700,,,ASH_COATED_OSMIUM,XIRECS,9987.0,6
215000,,,INTARIAN_PEPPER_ROOT,XIRECS,12225.0,7
217000,,,INTARIAN_PEPPER_ROOT,XIRECS,12224.0,5
220600,,,INTARIAN_PEPPER_ROOT,XIRECS,12216.0,4
222900,,,ASH_COATED_OSMIUM,XIRECS,10011.0,2
224300,,,INTARIAN_PEPPER_ROOT,XIRECS,12231.0,3
224800,,,ASH_COATED_OSMIUM,XIRECS,10008.0,5
224900,,,ASH_COATED_OSMIUM,XIRECS,10008.0,7
225000,,,INTARIAN_PEPPER_ROOT,XIRECS,12218.0,7
226200,,,ASH_COATED_OSMIUM,XIRECS,9989.0,6
227600,,,ASH_COATED_OSMIUM,XIRECS,9990.0,5
228000,,,ASH_COATED_OSMIUM,XIRECS,9990.0,5
229200,,,ASH_COATED_OSMIUM,XIRECS,10001.0,2
229600,,,ASH_COATED_OSMIUM,XIRECS,10011.0,5
234600,,,INTARIAN_PEPPER_ROOT,XIRECS,12241.0,4
235600,,,ASH_COATED_OSMIUM,XIRECS,9989.0,8
236100,,,ASH_COATED_OSMIUM,XIRECS,9989.0,4
236500,,,ASH_COATED_OSMIUM,XIRECS,9989.0,2
236600,,,ASH_COATED_OSMIUM,XIRECS,9990.0,4
237000,,,ASH_COATED_OSMIUM,XIRECS,10005.0,5
237100,,,ASH_COATED_OSMIUM,XIRECS,9987.0,3
237500,,,INTARIAN_PEPPER_ROOT,XIRECS,12244.0,4
239700,,,INTARIAN_PEPPER_ROOT,XIRECS,12246.0,7
241700,,,ASH_COATED_OSMIUM,XIRECS,9988.0,7
242000,,,INTARIAN_PEPPER_ROOT,XIRECS,12249.0,7
242800,,,ASH_COATED_OSMIUM,XIRECS,10003.0,5
243200,,,ASH_COATED_OSMIUM,XIRECS,10003.0,6
243500,,,INTARIAN_PEPPER_ROOT,XIRECS,12247.0,4
243700,,,ASH_COATED_OSMIUM,XIRECS,10006.0,6
246200,,,ASH_COATED_OSMIUM,XIRECS,9986.0,9
247600,,,ASH_COATED_OSMIUM,XIRECS,9985.0,6
248700,,,INTARIAN_PEPPER_ROOT,XIRECS,12242.0,4
251700,,,ASH_COATED_OSMIUM,XIRECS,9985.0,4
252300,,,ASH_COATED_OSMIUM,XIRECS,10001.0,5
252400,,,ASH_COATED_OSMIUM,XIRECS,10004.0,7
258300,,,ASH_COATED_OSMIUM,XIRECS,10003.0,9
258400,,,ASH_COATED_OSMIUM,XIRECS,10004.0,4
259400,,,ASH_COATED_OSMIUM,XIRECS,9989.0,8
260100,,,INTARIAN_PEPPER_ROOT,XIRECS,12267.0,5
260500,,,ASH_COATED_OSMIUM,XIRECS,10008.0,7
260600,,,ASH_COATED_OSMIUM,XIRECS,10006.0,2
261300,,,ASH_COATED_OSMIUM,XIRECS,9988.0,2
264100,,,INTARIAN_PEPPER_ROOT,XIRECS,12254.0,7
265000,,,ASH_COATED_OSMIUM,XIRECS,9991.0,8
267000,,,ASH_COATED_OSMIUM,XIRECS,9993.0,9
267500,,,INTARIAN_PEPPER_ROOT,XIRECS,12261.0,3
268800,,,ASH_COATED_OSMIUM,XIRECS,10012.0,6
269400,,,ASH_COATED_OSMIUM,XIRECS,9993.0,4
270400,,,ASH_COATED_OSMIUM,XIRECS,10011.0,2
270700,,,INTARIAN_PEPPER_ROOT,XIRECS,12277.0,6
271100,,,INTARIAN_PEPPER_ROOT,XIRECS,12267.0,3
271800,,,ASH_COATED_OSMIUM,XIRECS,10011.0,5
272800,,,ASH_COATED_OSMIUM,XIRECS,10012.0,6
274100,,,INTARIAN_PEPPER_ROOT,XIRECS,12270.0,6
275600,,,ASH_COATED_OSMIUM,XIRECS,10011.0,4
280900,,,ASH_COATED_OSMIUM,XIRECS,9994.0,2
282500,,,ASH_COATED_OSMIUM,XIRECS,9994.0,4
282600,,,INTARIAN_PEPPER_ROOT,XIRECS,12286.0,6
282700,,,ASH_COATED_OSMIUM,XIRECS,10004.0,3
291400,,,ASH_COATED_OSMIUM,XIRECS,9994.0,3
295500,,,ASH_COATED_OSMIUM,XIRECS,10009.0,8
297000,,,ASH_COATED_OSMIUM,XIRECS,10010.0,9
297300,,,ASH_COATED_OSMIUM,XIRECS,10011.0,3
299500,,,ASH_COATED_OSMIUM,XIRECS,9993.0,2
300000,,,INTARIAN_PEPPER_ROOT,XIRECS,12307.0,7
301400,,,INTARIAN_PEPPER_ROOT,XIRECS,12311.0,7
301600,,,ASH_COATED_OSMIUM,XIRECS,9994.0,9
302800,,,ASH_COATED_OSMIUM,XIRECS,10003.0,2
306000,,,INTARIAN_PEPPER_ROOT,XIRECS,12309.0,5
306200,,,ASH_COATED_OSMIUM,XIRECS,9994.0,6
306500,,,ASH_COATED_OSMIUM,XIRECS,10010.0,5
307600,,,ASH_COATED_OSMIUM,XIRECS,9994.0,5
310000,,,ASH_COATED_OSMIUM,XIRECS,10008.0,9
310900,,,ASH_COATED_OSMIUM,XIRECS,10009.0,6
311200,,,INTARIAN_PEPPER_ROOT,XIRECS,12301.0,3
313100,,,ASH_COATED_OSMIUM,XIRECS,9995.0,2
313600,,,ASH_COATED_OSMIUM,XIRECS,10012.0,3
314400,,,INTARIAN_PEPPER_ROOT,XIRECS,12321.0,6
320900,,,ASH_COATED_OSMIUM,XIRECS,10016.0,6
323500,,,ASH_COATED_OSMIUM,XIRECS,9994.0,6
324600,,,ASH_COATED_OSMIUM,XIRECS,9993.0,2
325000,,,ASH_COATED_OSMIUM,XIRECS,10009.0,5
327400,,,INTARIAN_PEPPER_ROOT,XIRECS,12321.0,6
327600,,,INTARIAN_PEPPER_ROOT,XIRECS,12334.0,3
329000,,,ASH_COATED_OSMIUM,XIRECS,9993.0,9
330600,,,ASH_COATED_OSMIUM,XIRECS,9994.0,2
331500,,,INTARIAN_PEPPER_ROOT,XIRECS,12325.0,3
331800,,,ASH_COATED_OSMIUM,XIRECS,10011.0,8
332800,,,ASH_COATED_OSMIUM,XIRECS,10010.0,5
333200,,,INTARIAN_PEPPER_ROOT,XIRECS,12343.0,7
334400,,,INTARIAN_PEPPER_ROOT,XIRECS,12341.0,3
334700,,,INTARIAN_PEPPER_ROOT,XIRECS,12328.0,3
335300,,,INTARIAN_PEPPER_ROOT,XIRECS,12342.0,3
335400,,,INTARIAN_PEPPER_ROOT,XIRECS,12339.0,6
335800,,,ASH_COATED_OSMIUM,XIRECS,9994.0,6
336000,,,ASH_COATED_OSMIUM,XIRECS,9995.0,6
336400,,,ASH_COATED_OSMIUM,XIRECS,10012.0,9
336500,,,INTARIAN_PEPPER_ROOT,XIRECS,12343.0,6
336800,,,ASH_COATED_OSMIUM,XIRECS,9994.0,4
336800,,,INTARIAN_PEPPER_ROOT,XIRECS,12333.0,5
337200,,,ASH_COATED_OSMIUM,XIRECS,9993.0,6
337300,,,ASH_COATED_OSMIUM,XIRECS,9995.0,7
337400,,,INTARIAN_PEPPER_ROOT,XIRECS,12328.0,7
340700,,,ASH_COATED_OSMIUM,XIRECS,10009.0,2
341200,,,ASH_COATED_OSMIUM,XIRECS,9994.0,2
344000,,,INTARIAN_PEPPER_ROOT,XIRECS,12340.0,3
344200,,,ASH_COATED_OSMIUM,XIRECS,9996.0,4
345800,,,ASH_COATED_OSMIUM,XIRECS,9996.0,3
346200,,,ASH_COATED_OSMIUM,XIRECS,9995.0,4
349400,,,ASH_COATED_OSMIUM,XIRECS,10009.0,4
350400,,,ASH_COATED_OSMIUM,XIRECS,10008.0,5
350900,,,INTARIAN_PEPPER_ROOT,XIRECS,12358.0,4
351800,,,ASH_COATED_OSMIUM,XIRECS,10010.0,5
351900,,,INTARIAN_PEPPER_ROOT,XIRECS,12345.0,7
352300,,,INTARIAN_PEPPER_ROOT,XIRECS,12356.0,8
352500,,,INTARIAN_PEPPER_ROOT,XIRECS,12359.0,6
353000,,,ASH_COATED_OSMIUM,XIRECS,9993.0,5
354000,,,INTARIAN_PEPPER_ROOT,XIRECS,12361.0,6
356700,,,ASH_COATED_OSMIUM,XIRECS,10011.0,9
356800,,,INTARIAN_PEPPER_ROOT,XIRECS,12350.0,6
357500,,,ASH_COATED_OSMIUM,XIRECS,9996.0,3
358000,,,INTARIAN_PEPPER_ROOT,XIRECS,12351.0,3
358400,,,ASH_COATED_OSMIUM,XIRECS,10011.0,3
359300,,,ASH_COATED_OSMIUM,XIRECS,9995.0,4
360800,,,INTARIAN_PEPPER_ROOT,XIRECS,12367.0,5
361400,,,ASH_COATED_OSMIUM,XIRECS,9994.0,6
361600,,,INTARIAN_PEPPER_ROOT,XIRECS,12357.0,5
363200,,,ASH_COATED_OSMIUM,XIRECS,10010.0,2
365300,,,ASH_COATED_OSMIUM,XIRECS,9994.0,3
365400,,,INTARIAN_PEPPER_ROOT,XIRECS,12361.0,7
367300,,,INTARIAN_PEPPER_ROOT,XIRECS,12361.0,5
370900,,,INTARIAN_PEPPER_ROOT,XIRECS,12378.0,4
371200,,,INTARIAN_PEPPER_ROOT,XIRECS,12365.0,3
372300,,,INTARIAN_PEPPER_ROOT,XIRECS,12368.0,6
374600,,,INTARIAN_PEPPER_ROOT,XIRECS,12381.0,3
375300,,,ASH_COATED_OSMIUM,XIRECS,9995.0,4
375400,,,ASH_COATED_OSMIUM,XIRECS,10010.0,3
376700,,,INTARIAN_PEPPER_ROOT,XIRECS,12372.0,7
377400,,,ASH_COATED_OSMIUM,XIRECS,9994.0,4
380800,,,INTARIAN_PEPPER_ROOT,XIRECS,12387.0,3
380900,,,ASH_COATED_OSMIUM,XIRECS,9995.0,8
381000,,,ASH_COATED_OSMIUM,XIRECS,10010.0,2
383000,,,ASH_COATED_OSMIUM,XIRECS,10009.0,6
384000,,,ASH_COATED_OSMIUM,XIRECS,9990.0,4
389800,,,ASH_COATED_OSMIUM,XIRECS,10009.0,10
389900,,,ASH_COATED_OSMIUM,XIRECS,9990.0,7
390400,,,ASH_COATED_OSMIUM,XIRECS,9993.0,9
391100,,,ASH_COATED_OSMIUM,XIRECS,9992.0,4
392300,,,ASH_COATED_OSMIUM,XIRECS,10010.0,5
399100,,,INTARIAN_PEPPER_ROOT,XIRECS,12392.0,3
401000,,,INTARIAN_PEPPER_ROOT,XIRECS,12397.0,8
401700,,,ASH_COATED_OSMIUM,XIRECS,10012.0,9
402400,,,ASH_COATED_OSMIUM,XIRECS,9994.0,5
405200,,,ASH_COATED_OSMIUM,XIRECS,9992.0,2
407400,,,ASH_COATED_OSMIUM,XIRECS,10010.0,8
412600,,,ASH_COATED_OSMIUM,XIRECS,9992.0,4
414000,,,ASH_COATED_OSMIUM,XIRECS,10010.0,6
415200,,,INTARIAN_PEPPER_ROOT,XIRECS,12425.0,6
415800,,,ASH_COATED_OSMIUM,XIRECS,9994.0,6
416100,,,ASH_COATED_OSMIUM,XIRECS,9994.0,2
419000,,,INTARIAN_PEPPER_ROOT,XIRECS,12412.0,6
419200,,,INTARIAN_PEPPER_ROOT,XIRECS,12426.0,4
420300,,,INTARIAN_PEPPER_ROOT,XIRECS,12414.0,7
423300,,,INTARIAN_PEPPER_ROOT,XIRECS,12417.0,6
424700,,,ASH_COATED_OSMIUM,XIRECS,9990.0,6
424900,,,INTARIAN_PEPPER_ROOT,XIRECS,12432.0,7
425200,,,ASH_COATED_OSMIUM,XIRECS,10006.0,6
425800,,,ASH_COATED_OSMIUM,XIRECS,9990.0,7
427600,,,INTARIAN_PEPPER_ROOT,XIRECS,12421.0,7
430100,,,ASH_COATED_OSMIUM,XIRECS,10007.0,4
432100,,,INTARIAN_PEPPER_ROOT,XIRECS,12428.0,8
432800,,,ASH_COATED_OSMIUM,XIRECS,9991.0,6
433700,,,ASH_COATED_OSMIUM,XIRECS,9990.0,6
435400,,,ASH_COATED_OSMIUM,XIRECS,9989.0,3
436100,,,INTARIAN_PEPPER_ROOT,XIRECS,12439.0,5
437600,,,INTARIAN_PEPPER_ROOT,XIRECS,12428.0,3
439100,,,ASH_COATED_OSMIUM,XIRECS,10008.0,5
439800,,,ASH_COATED_OSMIUM,XIRECS,10011.0,7
440300,,,ASH_COATED_OSMIUM,XIRECS,10008.0,3
440700,,,ASH_COATED_OSMIUM,XIRECS,9991.0,2
440800,,,INTARIAN_PEPPER_ROOT,XIRECS,12434.0,4
442100,,,ASH_COATED_OSMIUM,XIRECS,10003.0,4
442700,,,ASH_COATED_OSMIUM,XIRECS,10010.0,6
443000,,,ASH_COATED_OSMIUM,XIRECS,10010.0,4
444200,,,ASH_COATED_OSMIUM,XIRECS,10010.0,10
445000,,,ASH_COATED_OSMIUM,XIRECS,10010.0,8
447800,,,INTARIAN_PEPPER_ROOT,XIRECS,12455.0,5
449100,,,ASH_COATED_OSMIUM,XIRECS,9995.0,8
450800,,,ASH_COATED_OSMIUM,XIRECS,10001.0,3
451800,,,ASH_COATED_OSMIUM,XIRECS,9996.0,5
452300,,,ASH_COATED_OSMIUM,XIRECS,10012.0,7
453000,,,INTARIAN_PEPPER_ROOT,XIRECS,12456.0,3
453400,,,ASH_COATED_OSMIUM,XIRECS,9998.0,6
453700,,,ASH_COATED_OSMIUM,XIRECS,10008.0,3
453800,,,INTARIAN_PEPPER_ROOT,XIRECS,12450.0,7
456000,,,ASH_COATED_OSMIUM,XIRECS,10015.0,4
456100,,,INTARIAN_PEPPER_ROOT,XIRECS,12446.0,6
457000,,,INTARIAN_PEPPER_ROOT,XIRECS,12447.0,6
457600,,,INTARIAN_PEPPER_ROOT,XIRECS,12461.0,3
458400,,,ASH_COATED_OSMIUM,XIRECS,10014.0,6
458700,,,INTARIAN_PEPPER_ROOT,XIRECS,12469.0,7
459600,,,INTARIAN_PEPPER_ROOT,XIRECS,12453.0,6
461900,,,INTARIAN_PEPPER_ROOT,XIRECS,12469.0,5
463900,,,ASH_COATED_OSMIUM,XIRECS,10013.0,6
464300,,,INTARIAN_PEPPER_ROOT,XIRECS,12471.0,3
465500,,,ASH_COATED_OSMIUM,XIRECS,10013.0,6
466000,,,INTARIAN_PEPPER_ROOT,XIRECS,12462.0,3
467300,,,INTARIAN_PEPPER_ROOT,XIRECS,12461.0,3
467800,,,ASH_COATED_OSMIUM,XIRECS,10007.0,2
467800,,,ASH_COATED_OSMIUM,XIRECS,10014.0,5
468100,,,ASH_COATED_OSMIUM,XIRECS,9995.0,8
469000,,,INTARIAN_PEPPER_ROOT,XIRECS,12462.0,6
471900,,,ASH_COATED_OSMIUM,XIRECS,10014.0,6
472200,,,ASH_COATED_OSMIUM,XIRECS,9997.0,3
473000,,,INTARIAN_PEPPER_ROOT,XIRECS,12476.0,4
473600,,,INTARIAN_PEPPER_ROOT,XIRECS,12467.0,5
474000,,,INTARIAN_PEPPER_ROOT,XIRECS,12477.0,5
476400,,,ASH_COATED_OSMIUM,XIRECS,10008.0,5
477200,,,ASH_COATED_OSMIUM,XIRECS,9991.0,6
477600,,,INTARIAN_PEPPER_ROOT,XIRECS,12484.0,5
478500,,,ASH_COATED_OSMIUM,XIRECS,9991.0,3
478600,,,ASH_COATED_OSMIUM,XIRECS,9991.0,6
479600,,,ASH_COATED_OSMIUM,XIRECS,9991.0,2
482100,,,INTARIAN_PEPPER_ROOT,XIRECS,12475.0,5
482600,,,ASH_COATED_OSMIUM,XIRECS,9989.0,5
482700,,,ASH_COATED_OSMIUM,XIRECS,9989.0,5
487200,,,ASH_COATED_OSMIUM,XIRECS,10008.0,3
487500,,,ASH_COATED_OSMIUM,XIRECS,9990.0,4
487700,,,ASH_COATED_OSMIUM,XIRECS,9990.0,5
489400,,,INTARIAN_PEPPER_ROOT,XIRECS,12483.0,3
489700,,,ASH_COATED_OSMIUM,XIRECS,10013.0,7
490300,,,INTARIAN_PEPPER_ROOT,XIRECS,12484.0,5
493800,,,INTARIAN_PEPPER_ROOT,XIRECS,12487.0,4
494300,,,ASH_COATED_OSMIUM,XIRECS,10010.0,3
495800,,,INTARIAN_PEPPER_ROOT,XIRECS,12489.0,4
498900,,,ASH_COATED_OSMIUM,XIRECS,9992.0,8
500000,,,ASH_COATED_OSMIUM,XIRECS,9990.0,4
500000,,,INTARIAN_PEPPER_ROOT,XIRECS,12503.0,3
501300,,,INTARIAN_PEPPER_ROOT,XIRECS,12505.0,7
502100,,,ASH_COATED_OSMIUM,XIRECS,9991.0,4
502700,,,ASH_COATED_OSMIUM,XIRECS,10007.0,2
503100,,,ASH_COATED_OSMIUM,XIRECS,9996.0,3
503300,,,INTARIAN_PEPPER_ROOT,XIRECS,12497.0,6
507800,,,INTARIAN_PEPPER_ROOT,XIRECS,12501.0,3
509700,,,INTARIAN_PEPPER_ROOT,XIRECS,12503.0,7
511000,,,ASH_COATED_OSMIUM,XIRECS,9997.0,4
511700,,,ASH_COATED_OSMIUM,XIRECS,10014.0,6
512500,,,ASH_COATED_OSMIUM,XIRECS,10014.0,4
512800,,,ASH_COATED_OSMIUM,XIRECS,9996.0,7
512800,,,INTARIAN_PEPPER_ROOT,XIRECS,12520.0,5
514300,,,ASH_COATED_OSMIUM,XIRECS,9995.0,5
516100,,,ASH_COATED_OSMIUM,XIRECS,10013.0,5
517200,,,ASH_COATED_OSMIUM,XIRECS,10012.0,5
519200,,,INTARIAN_PEPPER_ROOT,XIRECS,12526.0,7
520100,,,ASH_COATED_OSMIUM,XIRECS,10015.0,6
520700,,,INTARIAN_PEPPER_ROOT,XIRECS,12514.0,5
521600,,,INTARIAN_PEPPER_ROOT,XIRECS,12515.0,5
521800,,,ASH_COATED_OSMIUM,XIRECS,9996.0,4
522500,,,ASH_COATED_OSMIUM,XIRECS,10008.0,5
525700,,,ASH_COATED_OSMIUM,XIRECS,9997.0,4
531600,,,INTARIAN_PEPPER_ROOT,XIRECS,12525.0,4
532300,,,ASH_COATED_OSMIUM,XIRECS,9998.0,3
536100,,,ASH_COATED_OSMIUM,XIRECS,10003.0,6
536700,,,INTARIAN_PEPPER_ROOT,XIRECS,12543.0,3
537200,,,ASH_COATED_OSMIUM,XIRECS,10019.0,3
539900,,,INTARIAN_PEPPER_ROOT,XIRECS,12533.0,6
540100,,,ASH_COATED_OSMIUM,XIRECS,10020.0,2
544700,,,INTARIAN_PEPPER_ROOT,XIRECS,12548.0,8
545100,,,INTARIAN_PEPPER_ROOT,XIRECS,12552.0,7
547300,,,ASH_COATED_OSMIUM,XIRECS,10005.0,9
552900,,,ASH_COATED_OSMIUM,XIRECS,10005.0,10
554400,,,ASH_COATED_OSMIUM,XIRECS,10004.0,10
555700,,,INTARIAN_PEPPER_ROOT,XIRECS,12551.0,7
556000,,,INTARIAN_PEPPER_ROOT,XIRECS,12549.0,3
556700,,,ASH_COATED_OSMIUM,XIRECS,10005.0,2
556700,,,INTARIAN_PEPPER_ROOT,XIRECS,12552.0,8
556800,,,INTARIAN_PEPPER_ROOT,XIRECS,12564.0,3
557700,,,ASH_COATED_OSMIUM,XIRECS,10003.0,8
560300,,,ASH_COATED_OSMIUM,XIRECS,10019.0,6
561300,,,INTARIAN_PEPPER_ROOT,XIRECS,12557.0,3
563700,,,ASH_COATED_OSMIUM,XIRECS,10016.0,3
564900,,,INTARIAN_PEPPER_ROOT,XIRECS,12561.0,6
566100,,,INTARIAN_PEPPER_ROOT,XIRECS,12562.0,3
566600,,,ASH_COATED_OSMIUM,XIRECS,10018.0,7
566700,,,INTARIAN_PEPPER_ROOT,XIRECS,12560.0,3
567300,,,ASH_COATED_OSMIUM,XIRECS,10002.0,10
570000,,,INTARIAN_PEPPER_ROOT,XIRECS,12577.0,5
573000,,,ASH_COATED_OSMIUM,XIRECS,10016.0,3
573500,,,INTARIAN_PEPPER_ROOT,XIRECS,12569.0,5
574000,,,ASH_COATED_OSMIUM,XIRECS,10001.0,2
574100,,,ASH_COATED_OSMIUM,XIRECS,10017.0,5
574300,,,ASH_COATED_OSMIUM,XIRECS,10001.0,3
579600,,,INTARIAN_PEPPER_ROOT,XIRECS,12590.0,7
579800,,,INTARIAN_PEPPER_ROOT,XIRECS,12587.0,7
580300,,,INTARIAN_PEPPER_ROOT,XIRECS,12574.0,7
582300,,,INTARIAN_PEPPER_ROOT,XIRECS,12576.0,5
583900,,,ASH_COATED_OSMIUM,XIRECS,10014.0,7
584000,,,ASH_COATED_OSMIUM,XIRECS,10013.0,8
584400,,,INTARIAN_PEPPER_ROOT,XIRECS,12591.0,4
585300,,,INTARIAN_PEPPER_ROOT,XIRECS,12579.0,5
590100,,,ASH_COATED_OSMIUM,XIRECS,10012.0,3
590400,,,INTARIAN_PEPPER_ROOT,XIRECS,12600.0,3
593800,,,INTARIAN_PEPPER_ROOT,XIRECS,12601.0,3
594800,,,ASH_COATED_OSMIUM,XIRECS,10013.0,2
600500,,,INTARIAN_PEPPER_ROOT,XIRECS,12594.0,6
600600,,,ASH_COATED_OSMIUM,XIRECS,9993.0,6
602900,,,ASH_COATED_OSMIUM,XIRECS,10002.0,2
605900,,,INTARIAN_PEPPER_ROOT,XIRECS,12599.0,3
607200,,,ASH_COATED_OSMIUM,XIRECS,9996.0,3
607600,,,ASH_COATED_OSMIUM,XIRECS,10012.0,5
610500,,,INTARIAN_PEPPER_ROOT,XIRECS,12604.0,5
611400,,,ASH_COATED_OSMIUM,XIRECS,9993.0,6
611700,,,ASH_COATED_OSMIUM,XIRECS,9993.0,5
612000,,,ASH_COATED_OSMIUM,XIRECS,10001.0,2
612300,,,INTARIAN_PEPPER_ROOT,XIRECS,12608.0,8
615600,,,ASH_COATED_OSMIUM,XIRECS,10009.0,5
619500,,,INTARIAN_PEPPER_ROOT,XIRECS,12626.0,7
620700,,,ASH_COATED_OSMIUM,XIRECS,10011.0,8
622700,,,ASH_COATED_OSMIUM,XIRECS,10016.0,4
623400,,,INTARIAN_PEPPER_ROOT,XIRECS,12633.0,6
624500,,,ASH_COATED_OSMIUM,XIRECS,9995.0,6
628900,,,ASH_COATED_OSMIUM,XIRECS,10008.0,6
629200,,,INTARIAN_PEPPER_ROOT,XIRECS,12622.0,4
631100,,,INTARIAN_PEPPER_ROOT,XIRECS,12624.0,6
632100,,,ASH_COATED_OSMIUM,XIRECS,10009.0,5
634000,,,ASH_COATED_OSMIUM,XIRECS,9995.0,2
634400,,,INTARIAN_PEPPER_ROOT,XIRECS,12638.0,5
634500,,,INTARIAN_PEPPER_ROOT,XIRECS,12644.0,6
636500,,,INTARIAN_PEPPER_ROOT,XIRECS,12630.0,5
637100,,,INTARIAN_PEPPER_ROOT,XIRECS,12647.0,6
639000,,,INTARIAN_PEPPER_ROOT,XIRECS,12646.0,4
639100,,,ASH_COATED_OSMIUM,XIRECS,10012.0,8
639300,,,INTARIAN_PEPPER_ROOT,XIRECS,12632.0,3
640000,,,INTARIAN_PEPPER_ROOT,XIRECS,12633.0,4
640200,,,INTARIAN_PEPPER_ROOT,XIRECS,12647.0,6
640400,,,ASH_COATED_OSMIUM,XIRECS,9996.0,4
641500,,,INTARIAN_PEPPER_ROOT,XIRECS,12645.0,5
641800,,,ASH_COATED_OSMIUM,XIRECS,10012.0,5
642300,,,INTARIAN_PEPPER_ROOT,XIRECS,12652.0,4
642700,,,ASH_COATED_OSMIUM,XIRECS,10015.0,6
643100,,,INTARIAN_PEPPER_ROOT,XIRECS,12636.0,5
644100,,,ASH_COATED_OSMIUM,XIRECS,10011.0,6
645400,,,ASH_COATED_OSMIUM,XIRECS,9995.0,2
645700,,,ASH_COATED_OSMIUM,XIRECS,10011.0,8
646000,,,INTARIAN_PEPPER_ROOT,XIRECS,12653.0,4
647300,,,ASH_COATED_OSMIUM,XIRECS,10014.0,5
650200,,,INTARIAN_PEPPER_ROOT,XIRECS,12653.0,6
650400,,,ASH_COATED_OSMIUM,XIRECS,9993.0,4
653200,,,INTARIAN_PEPPER_ROOT,XIRECS,12663.0,6
653900,,,ASH_COATED_OSMIUM,XIRECS,9991.0,6
654800,,,ASH_COATED_OSMIUM,XIRECS,9991.0,6
655900,,,ASH_COATED_OSMIUM,XIRECS,9991.0,3
656600,,,INTARIAN_PEPPER_ROOT,XIRECS,12663.0,6
656900,,,ASH_COATED_OSMIUM,XIRECS,9990.0,10
658000,,,ASH_COATED_OSMIUM,XIRECS,9991.0,3
658300,,,ASH_COATED_OSMIUM,XIRECS,10006.0,2
658400,,,ASH_COATED_OSMIUM,XIRECS,10006.0,9
660200,,,ASH_COATED_OSMIUM,XIRECS,10003.0,4
660600,,,INTARIAN_PEPPER_ROOT,XIRECS,12654.0,3
666100,,,INTARIAN_PEPPER_ROOT,XIRECS,12676.0,4
666400,,,ASH_COATED_OSMIUM,XIRECS,9982.0,4
666800,,,ASH_COATED_OSMIUM,XIRECS,9981.0,5
668000,,,ASH_COATED_OSMIUM,XIRECS,10000.0,2
668400,,,INTARIAN_PEPPER_ROOT,XIRECS,12675.0,4
670000,,,INTARIAN_PEPPER_ROOT,XIRECS,12677.0,7
672400,,,INTARIAN_PEPPER_ROOT,XIRECS,12662.0,3
673600,,,ASH_COATED_OSMIUM,XIRECS,9990.0,10
673600,,,INTARIAN_PEPPER_ROOT,XIRECS,12677.0,6
676800,,,ASH_COATED_OSMIUM,XIRECS,9987.0,4
677100,,,ASH_COATED_OSMIUM,XIRECS,9985.0,2
677700,,,INTARIAN_PEPPER_ROOT,XIRECS,12671.0,4
678000,,,INTARIAN_PEPPER_ROOT,XIRECS,12671.0,3
679200,,,ASH_COATED_OSMIUM,XIRECS,10002.0,5
681200,,,ASH_COATED_OSMIUM,XIRECS,10002.0,9
681900,,,ASH_COATED_OSMIUM,XIRECS,9992.0,3
681900,,,INTARIAN_PEPPER_ROOT,XIRECS,12689.0,7
682900,,,ASH_COATED_OSMIUM,XIRECS,10003.0,4
683100,,,INTARIAN_PEPPER_ROOT,XIRECS,12690.0,4
685400,,,ASH_COATED_OSMIUM,XIRECS,10001.0,7
687500,,,INTARIAN_PEPPER_ROOT,XIRECS,12681.0,4
687700,,,INTARIAN_PEPPER_ROOT,XIRECS,12683.0,7
688200,,,INTARIAN_PEPPER_ROOT,XIRECS,12698.0,3
689500,,,ASH_COATED_OSMIUM,XIRECS,10002.0,6
690100,,,INTARIAN_PEPPER_ROOT,XIRECS,12700.0,6
690300,,,ASH_COATED_OSMIUM,XIRECS,9984.0,5
690400,,,INTARIAN_PEPPER_ROOT,XIRECS,12680.0,3
690500,,,INTARIAN_PEPPER_ROOT,XIRECS,12697.0,3
690600,,,INTARIAN_PEPPER_ROOT,XIRECS,12694.0,5
690800,,,ASH_COATED_OSMIUM,XIRECS,9983.0,4
691800,,,INTARIAN_PEPPER_ROOT,XIRECS,12685.0,7
692200,,,INTARIAN_PEPPER_ROOT,XIRECS,12682.0,4
699700,,,ASH_COATED_OSMIUM,XIRECS,9990.0,4
699900,,,ASH_COATED_OSMIUM,XIRECS,9997.0,6
700300,,,ASH_COATED_OSMIUM,XIRECS,9997.0,6
700400,,,ASH_COATED_OSMIUM,XIRECS,9981.0,3
701000,,,INTARIAN_PEPPER_ROOT,XIRECS,12697.0,4
702100,,,INTARIAN_PEPPER_ROOT,XIRECS,12709.0,7
703000,,,INTARIAN_PEPPER_ROOT,XIRECS,12696.0,5
703100,,,ASH_COATED_OSMIUM,XIRECS,9983.0,4
703900,,,ASH_COATED_OSMIUM,XIRECS,9984.0,2
705400,,,ASH_COATED_OSMIUM,XIRECS,9984.0,7
707800,,,ASH_COATED_OSMIUM,XIRECS,9982.0,5
708700,,,ASH_COATED_OSMIUM,XIRECS,9982.0,6
708800,,,INTARIAN_PEPPER_ROOT,XIRECS,12716.0,4
710200,,,ASH_COATED_OSMIUM,XIRECS,10000.0,8
712100,,,ASH_COATED_OSMIUM,XIRECS,9997.0,5
714900,,,ASH_COATED_OSMIUM,XIRECS,9985.0,5
717400,,,INTARIAN_PEPPER_ROOT,XIRECS,12724.0,4
720400,,,ASH_COATED_OSMIUM,XIRECS,9996.0,4
722300,,,INTARIAN_PEPPER_ROOT,XIRECS,12726.0,4
723100,,,ASH_COATED_OSMIUM,XIRECS,9979.0,6
724700,,,INTARIAN_PEPPER_ROOT,XIRECS,12732.0,4
725700,,,ASH_COATED_OSMIUM,XIRECS,9980.0,8
726200,,,ASH_COATED_OSMIUM,XIRECS,9981.0,5
727400,,,INTARIAN_PEPPER_ROOT,XIRECS,12734.0,6
727600,,,INTARIAN_PEPPER_ROOT,XIRECS,12734.0,3
728600,,,INTARIAN_PEPPER_ROOT,XIRECS,12722.0,5
729100,,,ASH_COATED_OSMIUM,XIRECS,9999.0,8
729300,,,ASH_COATED_OSMIUM,XIRECS,9984.0,5
730400,,,ASH_COATED_OSMIUM,XIRECS,9999.0,6
730500,,,ASH_COATED_OSMIUM,XIRECS,9980.0,5
731200,,,ASH_COATED_OSMIUM,XIRECS,9999.0,9
733700,,,INTARIAN_PEPPER_ROOT,XIRECS,12744.0,3
734800,,,ASH_COATED_OSMIUM,XIRECS,10001.0,5
734900,,,ASH_COATED_OSMIUM,XIRECS,9985.0,5
736500,,,ASH_COATED_OSMIUM,XIRECS,9999.0,5
737500,,,INTARIAN_PEPPER_ROOT,XIRECS,12741.0,3
739200,,,ASH_COATED_OSMIUM,XIRECS,9999.0,6
739500,,,ASH_COATED_OSMIUM,XIRECS,9981.0,10
742000,,,ASH_COATED_OSMIUM,XIRECS,10000.0,5
742000,,,INTARIAN_PEPPER_ROOT,XIRECS,12738.0,8
743500,,,ASH_COATED_OSMIUM,XIRECS,9984.0,4
745200,,,ASH_COATED_OSMIUM,XIRECS,9985.0,6
745700,,,ASH_COATED_OSMIUM,XIRECS,9985.0,4
746100,,,ASH_COATED_OSMIUM,XIRECS,10001.0,8
750200,,,ASH_COATED_OSMIUM,XIRECS,9995.0,4
751900,,,ASH_COATED_OSMIUM,XIRECS,10005.0,4
753100,,,INTARIAN_PEPPER_ROOT,XIRECS,12760.0,7
753700,,,ASH_COATED_OSMIUM,XIRECS,9998.0,3
754000,,,ASH_COATED_OSMIUM,XIRECS,10005.0,5
755500,,,ASH_COATED_OSMIUM,XIRECS,10005.0,4
755700,,,INTARIAN_PEPPER_ROOT,XIRECS,12749.0,7
755900,,,INTARIAN_PEPPER_ROOT,XIRECS,12766.0,3
756200,,,ASH_COATED_OSMIUM,XIRECS,9989.0,6
756600,,,ASH_COATED_OSMIUM,XIRECS,9990.0,9
756900,,,ASH_COATED_OSMIUM,XIRECS,9990.0,5
757200,,,ASH_COATED_OSMIUM,XIRECS,9990.0,9
758300,,,ASH_COATED_OSMIUM,XIRECS,9988.0,6
761800,,,INTARIAN_PEPPER_ROOT,XIRECS,12757.0,7
763200,,,INTARIAN_PEPPER_ROOT,XIRECS,12770.0,4
763700,,,ASH_COATED_OSMIUM,XIRECS,9987.0,6
763800,,,INTARIAN_PEPPER_ROOT,XIRECS,12771.0,6
763900,,,ASH_COATED_OSMIUM,XIRECS,9989.0,8
764500,,,INTARIAN_PEPPER_ROOT,XIRECS,12758.0,5
766000,,,INTARIAN_PEPPER_ROOT,XIRECS,12769.0,4
767000,,,ASH_COATED_OSMIUM,XIRECS,10006.0,9
770300,,,INTARIAN_PEPPER_ROOT,XIRECS,12763.0,4
775000,,,ASH_COATED_OSMIUM,XIRECS,9996.0,4
775500,,,INTARIAN_PEPPER_ROOT,XIRECS,12779.0,7
777000,,,INTARIAN_PEPPER_ROOT,XIRECS,12770.0,6
777200,,,ASH_COATED_OSMIUM,XIRECS,10007.0,10
777200,,,INTARIAN_PEPPER_ROOT,XIRECS,12767.0,5
779900,,,ASH_COATED_OSMIUM,XIRECS,10005.0,2
782500,,,ASH_COATED_OSMIUM,XIRECS,10008.0,7
785300,,,INTARIAN_PEPPER_ROOT,XIRECS,12775.0,3
787000,,,INTARIAN_PEPPER_ROOT,XIRECS,12790.0,6
787500,,,INTARIAN_PEPPER_ROOT,XIRECS,12777.0,4
788000,,,ASH_COATED_OSMIUM,XIRECS,10008.0,5
789500,,,ASH_COATED_OSMIUM,XIRECS,9989.0,2
791700,,,ASH_COATED_OSMIUM,XIRECS,9989.0,5
792300,,,ASH_COATED_OSMIUM,XIRECS,10005.0,10
793700,,,ASH_COATED_OSMIUM,XIRECS,10005.0,10
793900,,,INTARIAN_PEPPER_ROOT,XIRECS,12801.0,4
796100,,,INTARIAN_PEPPER_ROOT,XIRECS,12799.0,5
796300,,,ASH_COATED_OSMIUM,XIRECS,9987.0,4
796500,,,INTARIAN_PEPPER_ROOT,XIRECS,12790.0,5
796600,,,INTARIAN_PEPPER_ROOT,XIRECS,12800.0,7
798600,,,INTARIAN_PEPPER_ROOT,XIRECS,12805.0,5
802000,,,ASH_COATED_OSMIUM,XIRECS,9997.0,5
802400,,,ASH_COATED_OSMIUM,XIRECS,9994.0,3
803100,,,ASH_COATED_OSMIUM,XIRECS,10006.0,5
805000,,,ASH_COATED_OSMIUM,XIRECS,10006.0,6
805800,,,ASH_COATED_OSMIUM,XIRECS,9991.0,2
806300,,,INTARIAN_PEPPER_ROOT,XIRECS,12799.0,7
806400,,,INTARIAN_PEPPER_ROOT,XIRECS,12817.0,3
810500,,,ASH_COATED_OSMIUM,XIRECS,10014.0,2
811900,,,INTARIAN_PEPPER_ROOT,XIRECS,12802.0,6
813200,,,INTARIAN_PEPPER_ROOT,XIRECS,12803.0,3
815400,,,ASH_COATED_OSMIUM,XIRECS,10010.0,4
815900,,,INTARIAN_PEPPER_ROOT,XIRECS,12819.0,3
821100,,,ASH_COATED_OSMIUM,XIRECS,10011.0,8
823200,,,ASH_COATED_OSMIUM,XIRECS,10004.0,5
823500,,,INTARIAN_PEPPER_ROOT,XIRECS,12827.0,8
825200,,,INTARIAN_PEPPER_ROOT,XIRECS,12829.0,4
825700,,,INTARIAN_PEPPER_ROOT,XIRECS,12829.0,6
829800,,,INTARIAN_PEPPER_ROOT,XIRECS,12820.0,7
832700,,,ASH_COATED_OSMIUM,XIRECS,9997.0,5
833300,,,INTARIAN_PEPPER_ROOT,XIRECS,12823.0,7
833400,,,INTARIAN_PEPPER_ROOT,XIRECS,12823.0,3
835700,,,ASH_COATED_OSMIUM,XIRECS,10016.0,8
836800,,,ASH_COATED_OSMIUM,XIRECS,9999.0,7
837300,,,INTARIAN_PEPPER_ROOT,XIRECS,12844.0,3
839500,,,ASH_COATED_OSMIUM,XIRECS,10015.0,4
839500,,,INTARIAN_PEPPER_ROOT,XIRECS,12846.0,6
840900,,,INTARIAN_PEPPER_ROOT,XIRECS,12837.0,8
841500,,,ASH_COATED_OSMIUM,XIRECS,9996.0,6
842800,,,ASH_COATED_OSMIUM,XIRECS,10013.0,5
842900,,,INTARIAN_PEPPER_ROOT,XIRECS,12836.0,3
843100,,,ASH_COATED_OSMIUM,XIRECS,9997.0,5
843200,,,ASH_COATED_OSMIUM,XIRECS,9997.0,4
844300,,,INTARIAN_PEPPER_ROOT,XIRECS,12848.0,7
844800,,,INTARIAN_PEPPER_ROOT,XIRECS,12840.0,5
845100,,,ASH_COATED_OSMIUM,XIRECS,10013.0,3
845400,,,ASH_COATED_OSMIUM,XIRECS,10013.0,3
845400,,,INTARIAN_PEPPER_ROOT,XIRECS,12841.0,7
846200,,,INTARIAN_PEPPER_ROOT,XIRECS,12839.0,4
846700,,,ASH_COATED_OSMIUM,XIRECS,10016.0,2
846700,,,INTARIAN_PEPPER_ROOT,XIRECS,12857.0,6
847200,,,INTARIAN_PEPPER_ROOT,XIRECS,12854.0,5
847500,,,ASH_COATED_OSMIUM,XIRECS,10014.0,8
847800,,,ASH_COATED_OSMIUM,XIRECS,9998.0,7
848300,,,ASH_COATED_OSMIUM,XIRECS,9995.0,5
852100,,,ASH_COATED_OSMIUM,XIRECS,9999.0,3
852300,,,ASH_COATED_OSMIUM,XIRECS,9998.0,3
854300,,,INTARIAN_PEPPER_ROOT,XIRECS,12861.0,3
857700,,,INTARIAN_PEPPER_ROOT,XIRECS,12851.0,4
858500,,,INTARIAN_PEPPER_ROOT,XIRECS,12852.0,6
859500,,,ASH_COATED_OSMIUM,XIRECS,9992.0,4
861000,,,INTARIAN_PEPPER_ROOT,XIRECS,12857.0,4
861600,,,ASH_COATED_OSMIUM,XIRECS,9999.0,2
861900,,,INTARIAN_PEPPER_ROOT,XIRECS,12855.0,7
864800,,,ASH_COATED_OSMIUM,XIRECS,10006.0,8
865000,,,ASH_COATED_OSMIUM,XIRECS,9990.0,6
867600,,,ASH_COATED_OSMIUM,XIRECS,9991.0,3
870000,,,INTARIAN_PEPPER_ROOT,XIRECS,12880.0,7
870700,,,ASH_COATED_OSMIUM,XIRECS,10007.0,5
871300,,,ASH_COATED_OSMIUM,XIRECS,9990.0,2
871500,,,ASH_COATED_OSMIUM,XIRECS,10007.0,2
874000,,,ASH_COATED_OSMIUM,XIRECS,9992.0,5
875400,,,ASH_COATED_OSMIUM,XIRECS,9990.0,5
875800,,,INTARIAN_PEPPER_ROOT,XIRECS,12869.0,3
877900,,,ASH_COATED_OSMIUM,XIRECS,9991.0,7
878000,,,ASH_COATED_OSMIUM,XIRECS,10007.0,5
878000,,,INTARIAN_PEPPER_ROOT,XIRECS,12874.0,4
880600,,,ASH_COATED_OSMIUM,XIRECS,9992.0,4
881200,,,INTARIAN_PEPPER_ROOT,XIRECS,12885.0,4
883700,,,INTARIAN_PEPPER_ROOT,XIRECS,12877.0,5
886000,,,INTARIAN_PEPPER_ROOT,XIRECS,12889.0,3
887000,,,INTARIAN_PEPPER_ROOT,XIRECS,12890.0,4
887700,,,ASH_COATED_OSMIUM,XIRECS,10005.0,6
887900,,,INTARIAN_PEPPER_ROOT,XIRECS,12878.0,4
889300,,,INTARIAN_PEPPER_ROOT,XIRECS,12896.0,4
891200,,,INTARIAN_PEPPER_ROOT,XIRECS,12901.0,7
891400,,,INTARIAN_PEPPER_ROOT,XIRECS,12895.0,4
892900,,,ASH_COATED_OSMIUM,XIRECS,10006.0,8
893000,,,ASH_COATED_OSMIUM,XIRECS,9987.0,4
898100,,,INTARIAN_PEPPER_ROOT,XIRECS,12894.0,8
899200,,,ASH_COATED_OSMIUM,XIRECS,10011.0,5
899500,,,INTARIAN_PEPPER_ROOT,XIRECS,12906.0,6
901500,,,ASH_COATED_OSMIUM,XIRECS,10008.0,8
904500,,,ASH_COATED_OSMIUM,XIRECS,10011.0,3
904900,,,ASH_COATED_OSMIUM,XIRECS,9992.0,4
905000,,,ASH_COATED_OSMIUM,XIRECS,9995.0,10
905100,,,INTARIAN_PEPPER_ROOT,XIRECS,12912.0,5
905700,,,ASH_COATED_OSMIUM,XIRECS,10014.0,5
907600,,,INTARIAN_PEPPER_ROOT,XIRECS,12915.0,6
907700,,,INTARIAN_PEPPER_ROOT,XIRECS,12915.0,7
909200,,,ASH_COATED_OSMIUM,XIRECS,9998.0,4
909900,,,ASH_COATED_OSMIUM,XIRECS,10016.0,8
911000,,,ASH_COATED_OSMIUM,XIRECS,10016.0,2
911000,,,INTARIAN_PEPPER_ROOT,XIRECS,12904.0,5
912200,,,ASH_COATED_OSMIUM,XIRECS,10017.0,3
912600,,,INTARIAN_PEPPER_ROOT,XIRECS,12920.0,7
914900,,,INTARIAN_PEPPER_ROOT,XIRECS,12922.0,5
917900,,,ASH_COATED_OSMIUM,XIRECS,10018.0,5
918600,,,INTARIAN_PEPPER_ROOT,XIRECS,12926.0,7
918800,,,ASH_COATED_OSMIUM,XIRECS,9999.0,3
920500,,,ASH_COATED_OSMIUM,XIRECS,10019.0,3
920500,,,INTARIAN_PEPPER_ROOT,XIRECS,12927.0,4
921100,,,INTARIAN_PEPPER_ROOT,XIRECS,12928.0,5
921200,,,ASH_COATED_OSMIUM,XIRECS,10020.0,10
922700,,,INTARIAN_PEPPER_ROOT,XIRECS,12930.0,3
922800,,,INTARIAN_PEPPER_ROOT,XIRECS,12916.0,7
923300,,,ASH_COATED_OSMIUM,XIRECS,10001.0,3
923800,,,ASH_COATED_OSMIUM,XIRECS,10011.0,4
927200,,,INTARIAN_PEPPER_ROOT,XIRECS,12931.0,3
928100,,,ASH_COATED_OSMIUM,XIRECS,9998.0,3
928700,,,ASH_COATED_OSMIUM,XIRECS,9999.0,4
929300,,,ASH_COATED_OSMIUM,XIRECS,10014.0,2
930600,,,ASH_COATED_OSMIUM,XIRECS,9998.0,6
932600,,,ASH_COATED_OSMIUM,XIRECS,10016.0,10
933700,,,INTARIAN_PEPPER_ROOT,XIRECS,12941.0,6
933900,,,ASH_COATED_OSMIUM,XIRECS,10015.0,3
935900,,,ASH_COATED_OSMIUM,XIRECS,9999.0,8
936600,,,INTARIAN_PEPPER_ROOT,XIRECS,12932.0,8
938100,,,INTARIAN_PEPPER_ROOT,XIRECS,12931.0,6
938700,,,ASH_COATED_OSMIUM,XIRECS,10014.0,2
939200,,,ASH_COATED_OSMIUM,XIRECS,10014.0,6
939500,,,ASH_COATED_OSMIUM,XIRECS,10015.0,9
942700,,,INTARIAN_PEPPER_ROOT,XIRECS,12938.0,3
946100,,,ASH_COATED_OSMIUM,XIRECS,9995.0,10
947900,,,INTARIAN_PEPPER_ROOT,XIRECS,12944.0,5
948000,,,INTARIAN_PEPPER_ROOT,XIRECS,12941.0,6
948200,,,INTARIAN_PEPPER_ROOT,XIRECS,12958.0,6
948400,,,ASH_COATED_OSMIUM,XIRECS,10015.0,7
949200,,,ASH_COATED_OSMIUM,XIRECS,10015.0,2
949900,,,INTARIAN_PEPPER_ROOT,XIRECS,12957.0,4
956200,,,ASH_COATED_OSMIUM,XIRECS,10003.0,3
957400,,,INTARIAN_PEPPER_ROOT,XIRECS,12953.0,5
958100,,,INTARIAN_PEPPER_ROOT,XIRECS,12965.0,6
959100,,,INTARIAN_PEPPER_ROOT,XIRECS,12962.0,3
960000,,,ASH_COATED_OSMIUM,XIRECS,10002.0,4
964000,,,ASH_COATED_OSMIUM,XIRECS,10019.0,3
965000,,,INTARIAN_PEPPER_ROOT,XIRECS,12955.0,7
965600,,,INTARIAN_PEPPER_ROOT,XIRECS,12959.0,5
966200,,,INTARIAN_PEPPER_ROOT,XIRECS,12959.0,5
970000,,,INTARIAN_PEPPER_ROOT,XIRECS,12966.0,8
970900,,,ASH_COATED_OSMIUM,XIRECS,10018.0,5
973900,,,INTARIAN_PEPPER_ROOT,XIRECS,12984.0,5
974600,,,ASH_COATED_OSMIUM,XIRECS,10017.0,4
974600,,,INTARIAN_PEPPER_ROOT,XIRECS,12968.0,7
975100,,,ASH_COATED_OSMIUM,XIRECS,10000.0,2
975500,,,ASH_COATED_OSMIUM,XIRECS,10016.0,3
976500,,,ASH_COATED_OSMIUM,XIRECS,10000.0,6
976500,,,INTARIAN_PEPPER_ROOT,XIRECS,12983.0,5
976900,,,INTARIAN_PEPPER_ROOT,XIRECS,12984.0,3
977200,,,INTARIAN_PEPPER_ROOT,XIRECS,12973.0,5
978400,,,INTARIAN_PEPPER_ROOT,XIRECS,12985.0,6
980800,,,ASH_COATED_OSMIUM,XIRECS,10017.0,5
983000,,,INTARIAN_PEPPER_ROOT,XIRECS,12976.0,6
984100,,,ASH_COATED_OSMIUM,XIRECS,10018.0,4
985300,,,ASH_COATED_OSMIUM,XIRECS,9998.0,3
986200,,,ASH_COATED_OSMIUM,XIRECS,10017.0,3
986800,,,ASH_COATED_OSMIUM,XIRECS,9999.0,6
987100,,,ASH_COATED_OSMIUM,XIRECS,10016.0,6
987600,,,INTARIAN_PEPPER_ROOT,XIRECS,12981.0,3
988900,,,ASH_COATED_OSMIUM,XIRECS,9998.0,2
989900,,,INTARIAN_PEPPER_ROOT,XIRECS,12983.0,4
991100,,,INTARIAN_PEPPER_ROOT,XIRECS,12984.0,6
991400,,,ASH_COATED_OSMIUM,XIRECS,10002.0,9
993300,,,ASH_COATED_OSMIUM,XIRECS,10001.0,5
994400,,,INTARIAN_PEPPER_ROOT,XIRECS,12987.0,3
995200,,,ASH_COATED_OSMIUM,XIRECS,10016.0,6
1000000,,,ASH_COATED_OSMIUM,XIRECS,10000.0,6
1003600,,,ASH_COATED_OSMIUM,XIRECS,10017.0,3
1004200,,,ASH_COATED_OSMIUM,XIRECS,10017.0,2
1004400,,,INTARIAN_PEPPER_ROOT,XIRECS,13011.0,5
1004800,,,INTARIAN_PEPPER_ROOT,XIRECS,13008.0,3
1005000,,,INTARIAN_PEPPER_ROOT,XIRECS,12998.0,5
1009100,,,ASH_COATED_OSMIUM,XIRECS,10006.0,4
1009600,,,ASH_COATED_OSMIUM,XIRECS,9999.0,6
1010000,,,ASH_COATED_OSMIUM,XIRECS,9999.0,8
1012100,,,ASH_COATED_OSMIUM,XIRECS,9998.0,5
1014000,,,ASH_COATED_OSMIUM,XIRECS,10012.0,3
1015100,,,ASH_COATED_OSMIUM,XIRECS,10013.0,2
1015100,,,ASH_COATED_OSMIUM,XIRECS,10013.0,8
1017400,,,INTARIAN_PEPPER_ROOT,XIRECS,13013.0,3
1018500,,,ASH_COATED_OSMIUM,XIRECS,10016.0,6
1023000,,,INTARIAN_PEPPER_ROOT,XIRECS,13016.0,4
1023100,,,INTARIAN_PEPPER_ROOT,XIRECS,13019.0,4
1023900,,,ASH_COATED_OSMIUM,XIRECS,9996.0,4
1024300,,,ASH_COATED_OSMIUM,XIRECS,9995.0,4
1024600,,,ASH_COATED_OSMIUM,XIRECS,9995.0,3
1030400,,,ASH_COATED_OSMIUM,XIRECS,10008.0,2
1030400,,,INTARIAN_PEPPER_ROOT,XIRECS,13037.0,6
1032800,,,ASH_COATED_OSMIUM,XIRECS,9992.0,4
1033300,,,INTARIAN_PEPPER_ROOT,XIRECS,13037.0,7
1034000,,,ASH_COATED_OSMIUM,XIRECS,10010.0,7
1034400,,,INTARIAN_PEPPER_ROOT,XIRECS,13041.0,3
1034500,,,ASH_COATED_OSMIUM,XIRECS,9994.0,8
1035700,,,INTARIAN_PEPPER_ROOT,XIRECS,13043.0,7
1035700,,,INTARIAN_PEPPER_ROOT,XIRECS,13039.0,3
1035800,,,INTARIAN_PEPPER_ROOT,XIRECS,13031.0,7
1036500,,,ASH_COATED_OSMIUM,XIRECS,10010.0,3
1037900,,,ASH_COATED_OSMIUM,XIRECS,9992.0,4
1038400,,,ASH_COATED_OSMIUM,XIRECS,10008.0,3
1038500,,,INTARIAN_PEPPER_ROOT,XIRECS,13028.0,5
1039100,,,ASH_COATED_OSMIUM,XIRECS,10008.0,6
1039900,,,ASH_COATED_OSMIUM,XIRECS,10008.0,7
1041500,,,ASH_COATED_OSMIUM,XIRECS,10009.0,5
1042800,,,INTARIAN_PEPPER_ROOT,XIRECS,13050.0,5
1044700,,,INTARIAN_PEPPER_ROOT,XIRECS,13040.0,8
1050900,,,ASH_COATED_OSMIUM,XIRECS,9995.0,5
1051400,,,INTARIAN_PEPPER_ROOT,XIRECS,13041.0,4
1052600,,,INTARIAN_PEPPER_ROOT,XIRECS,13056.0,8
1054600,,,ASH_COATED_OSMIUM,XIRECS,9992.0,6
1057000,,,INTARIAN_PEPPER_ROOT,XIRECS,13064.0,4
1058400,,,ASH_COATED_OSMIUM,XIRECS,9997.0,3
1059500,,,ASH_COATED_OSMIUM,XIRECS,10017.0,2
1061700,,,INTARIAN_PEPPER_ROOT,XIRECS,13069.0,6
1062000,,,ASH_COATED_OSMIUM,XIRECS,10014.0,6
1063700,,,ASH_COATED_OSMIUM,XIRECS,9998.0,2
1064300,,,INTARIAN_PEPPER_ROOT,XIRECS,13060.0,3
1064900,,,ASH_COATED_OSMIUM,XIRECS,10013.0,4
1065300,,,ASH_COATED_OSMIUM,XIRECS,9997.0,2
1068000,,,ASH_COATED_OSMIUM,XIRECS,10018.0,3
1070400,,,INTARIAN_PEPPER_ROOT,XIRECS,13074.0,5
1071500,,,INTARIAN_PEPPER_ROOT,XIRECS,13067.0,4
1073700,,,INTARIAN_PEPPER_ROOT,XIRECS,13067.0,4
1076300,,,ASH_COATED_OSMIUM,XIRECS,9997.0,6
1076500,,,ASH_COATED_OSMIUM,XIRECS,10016.0,8
1077200,,,INTARIAN_PEPPER_ROOT,XIRECS,13070.0,3
1080200,,,INTARIAN_PEPPER_ROOT,XIRECS,13073.0,5
1083000,,,INTARIAN_PEPPER_ROOT,XIRECS,13086.0,6
1083700,,,ASH_COATED_OSMIUM,XIRECS,10015.0,2
1084400,,,INTARIAN_PEPPER_ROOT,XIRECS,13088.0,5
1084600,,,INTARIAN_PEPPER_ROOT,XIRECS,13092.0,6
1084800,,,INTARIAN_PEPPER_ROOT,XIRECS,13088.0,5
1085500,,,ASH_COATED_OSMIUM,XIRECS,9996.0,7
1085700,,,ASH_COATED_OSMIUM,XIRECS,10001.0,3
1085900,,,ASH_COATED_OSMIUM,XIRECS,9995.0,5
1087900,,,ASH_COATED_OSMIUM,XIRECS,9993.0,5
1088300,,,ASH_COATED_OSMIUM,XIRECS,10012.0,2
1090200,,,ASH_COATED_OSMIUM,XIRECS,10010.0,10
1090800,,,ASH_COATED_OSMIUM,XIRECS,9993.0,6
1091700,,,INTARIAN_PEPPER_ROOT,XIRECS,13087.0,8
1092500,,,INTARIAN_PEPPER_ROOT,XIRECS,13100.0,7
1095100,,,INTARIAN_PEPPER_ROOT,XIRECS,13091.0,8
1096100,,,ASH_COATED_OSMIUM,XIRECS,10009.0,3
1096900,,,ASH_COATED_OSMIUM,XIRECS,10010.0,8
1097100,,,ASH_COATED_OSMIUM,XIRECS,10010.0,6
1106100,,,ASH_COATED_OSMIUM,XIRECS,10012.0,5
1107000,,,INTARIAN_PEPPER_ROOT,XIRECS,13114.0,7
1109800,,,INTARIAN_PEPPER_ROOT,XIRECS,13117.0,4
1109800,,,INTARIAN_PEPPER_ROOT,XIRECS,13113.0,3
1110500,,,INTARIAN_PEPPER_ROOT,XIRECS,13114.0,8
1111800,,,ASH_COATED_OSMIUM,XIRECS,9994.0,5
1114900,,,ASH_COATED_OSMIUM,XIRECS,9992.0,3
1116100,,,ASH_COATED_OSMIUM,XIRECS,9993.0,8
1117500,,,INTARIAN_PEPPER_ROOT,XIRECS,13110.0,6
1120100,,,INTARIAN_PEPPER_ROOT,XIRECS,13127.0,4
1122000,,,ASH_COATED_OSMIUM,XIRECS,10008.0,10
1122400,,,INTARIAN_PEPPER_ROOT,XIRECS,13133.0,7
1122500,,,ASH_COATED_OSMIUM,XIRECS,10009.0,5
1124700,,,ASH_COATED_OSMIUM,XIRECS,9991.0,2
1126600,,,ASH_COATED_OSMIUM,XIRECS,9992.0,6
1126700,,,ASH_COATED_OSMIUM,XIRECS,9992.0,6
1127800,,,INTARIAN_PEPPER_ROOT,XIRECS,13117.0,3
1128000,,,ASH_COATED_OSMIUM,XIRECS,10007.0,2
1129500,,,INTARIAN_PEPPER_ROOT,XIRECS,13137.0,3
1130500,,,ASH_COATED_OSMIUM,XIRECS,10007.0,2
1131000,,,ASH_COATED_OSMIUM,XIRECS,10008.0,9
1131100,,,INTARIAN_PEPPER_ROOT,XIRECS,13141.0,4
1131600,,,ASH_COATED_OSMIUM,XIRECS,10011.0,2
1132300,,,INTARIAN_PEPPER_ROOT,XIRECS,13125.0,3
1134400,,,INTARIAN_PEPPER_ROOT,XIRECS,13141.0,4
1137900,,,ASH_COATED_OSMIUM,XIRECS,10012.0,3
1138000,,,INTARIAN_PEPPER_ROOT,XIRECS,13131.0,4
1138700,,,INTARIAN_PEPPER_ROOT,XIRECS,13142.0,3
1139400,,,ASH_COATED_OSMIUM,XIRECS,9997.0,5
1139600,,,ASH_COATED_OSMIUM,XIRECS,9997.0,6
1141900,,,INTARIAN_PEPPER_ROOT,XIRECS,13135.0,4
1142200,,,ASH_COATED_OSMIUM,XIRECS,9997.0,2
1142200,,,ASH_COATED_OSMIUM,XIRECS,9997.0,6
1142300,,,INTARIAN_PEPPER_ROOT,XIRECS,13146.0,6
1146900,,,ASH_COATED_OSMIUM,XIRECS,10014.0,6
1148200,,,INTARIAN_PEPPER_ROOT,XIRECS,13141.0,7
1149500,,,ASH_COATED_OSMIUM,XIRECS,10015.0,9
1153400,,,ASH_COATED_OSMIUM,XIRECS,9999.0,5
1154800,,,ASH_COATED_OSMIUM,XIRECS,10000.0,2
1155300,,,ASH_COATED_OSMIUM,XIRECS,10016.0,10
1155500,,,ASH_COATED_OSMIUM,XIRECS,10016.0,6
1155700,,,ASH_COATED_OSMIUM,XIRECS,10018.0,7
1158400,,,ASH_COATED_OSMIUM,XIRECS,9996.0,5
1164100,,,INTARIAN_PEPPER_ROOT,XIRECS,13168.0,5
1164200,,,INTARIAN_PEPPER_ROOT,XIRECS,13160.0,7
1165500,,,ASH_COATED_OSMIUM,XIRECS,10009.0,4
1170300,,,INTARIAN_PEPPER_ROOT,XIRECS,13177.0,7
1170500,,,INTARIAN_PEPPER_ROOT,XIRECS,13174.0,7
1172900,,,ASH_COATED_OSMIUM,XIRECS,10015.0,4
1173300,,,ASH_COATED_OSMIUM,XIRECS,10015.0,4
1177700,,,ASH_COATED_OSMIUM,XIRECS,10000.0,10
1177900,,,INTARIAN_PEPPER_ROOT,XIRECS,13171.0,5
1181800,,,ASH_COATED_OSMIUM,XIRECS,10002.0,2
1182900,,,ASH_COATED_OSMIUM,XIRECS,10001.0,5
1184700,,,ASH_COATED_OSMIUM,XIRECS,10011.0,5
1185000,,,ASH_COATED_OSMIUM,XIRECS,10001.0,4
1185900,,,ASH_COATED_OSMIUM,XIRECS,10001.0,10
1187000,,,ASH_COATED_OSMIUM,XIRECS,10002.0,4
1190600,,,ASH_COATED_OSMIUM,XIRECS,10018.0,3
1191800,,,INTARIAN_PEPPER_ROOT,XIRECS,13185.0,4
1192600,,,ASH_COATED_OSMIUM,XIRECS,9997.0,8
1192900,,,ASH_COATED_OSMIUM,XIRECS,10015.0,10
1194900,,,INTARIAN_PEPPER_ROOT,XIRECS,13190.0,6
1197300,,,ASH_COATED_OSMIUM,XIRECS,9996.0,9
1198600,,,INTARIAN_PEPPER_ROOT,XIRECS,13192.0,5
1199400,,,INTARIAN_PEPPER_ROOT,XIRECS,13206.0,5
1200300,,,ASH_COATED_OSMIUM,XIRECS,9992.0,6
1200300,,,ASH_COATED_OSMIUM,XIRECS,9992.0,10
1200600,,,ASH_COATED_OSMIUM,XIRECS,10011.0,2
1200700,,,ASH_COATED_OSMIUM,XIRECS,10011.0,8
1200800,,,ASH_COATED_OSMIUM,XIRECS,10011.0,2
1201900,,,ASH_COATED_OSMIUM,XIRECS,9992.0,4
1204000,,,INTARIAN_PEPPER_ROOT,XIRECS,13211.0,7
1204600,,,INTARIAN_PEPPER_ROOT,XIRECS,13197.0,5
1205800,,,ASH_COATED_OSMIUM,XIRECS,9993.0,2
1206600,,,ASH_COATED_OSMIUM,XIRECS,9991.0,7
1207500,,,INTARIAN_PEPPER_ROOT,XIRECS,13215.0,3
1208900,,,ASH_COATED_OSMIUM,XIRECS,9992.0,10
1210200,,,ASH_COATED_OSMIUM,XIRECS,9993.0,4
1211400,,,INTARIAN_PEPPER_ROOT,XIRECS,13207.0,7
1212100,,,INTARIAN_PEPPER_ROOT,XIRECS,13216.0,4
1212900,,,ASH_COATED_OSMIUM,XIRECS,9993.0,6
1215000,,,INTARIAN_PEPPER_ROOT,XIRECS,13222.0,7
1217000,,,INTARIAN_PEPPER_ROOT,XIRECS,13224.0,5
1217500,,,INTARIAN_PEPPER_ROOT,XIRECS,13225.0,6
1220600,,,INTARIAN_PEPPER_ROOT,XIRECS,13216.0,4
1220800,,,INTARIAN_PEPPER_ROOT,XIRECS,13224.0,6
1223100,,,ASH_COATED_OSMIUM,XIRECS,10010.0,2
1224300,,,INTARIAN_PEPPER_ROOT,XIRECS,13231.0,3
1224900,,,ASH_COATED_OSMIUM,XIRECS,10008.0,7
1225000,,,ASH_COATED_OSMIUM,XIRECS,10008.0,5
1225000,,,INTARIAN_PEPPER_ROOT,XIRECS,13218.0,7
1226200,,,ASH_COATED_OSMIUM,XIRECS,9991.0,6
1227800,,,ASH_COATED_OSMIUM,XIRECS,9990.0,5
1228000,,,ASH_COATED_OSMIUM,XIRECS,9990.0,5
1229400,,,ASH_COATED_OSMIUM,XIRECS,10007.0,2
1229800,,,ASH_COATED_OSMIUM,XIRECS,10007.0,5
1234600,,,INTARIAN_PEPPER_ROOT,XIRECS,13242.0,4
1235600,,,ASH_COATED_OSMIUM,XIRECS,9986.0,8
1236300,,,ASH_COATED_OSMIUM,XIRECS,9989.0,4
1236700,,,ASH_COATED_OSMIUM,XIRECS,9988.0,2
1236800,,,ASH_COATED_OSMIUM,XIRECS,9988.0,4
1237200,,,ASH_COATED_OSMIUM,XIRECS,10004.0,5
1237300,,,ASH_COATED_OSMIUM,XIRECS,9987.0,3
1237500,,,INTARIAN_PEPPER_ROOT,XIRECS,13245.0,4
1239700,,,INTARIAN_PEPPER_ROOT,XIRECS,13247.0,7
1241700,,,ASH_COATED_OSMIUM,XIRECS,9988.0,7
1242000,,,INTARIAN_PEPPER_ROOT,XIRECS,13249.0,7
1243000,,,ASH_COATED_OSMIUM,XIRECS,10005.0,5
1243400,,,ASH_COATED_OSMIUM,XIRECS,10008.0,6
1243500,,,INTARIAN_PEPPER_ROOT,XIRECS,13247.0,4
1243700,,,ASH_COATED_OSMIUM,XIRECS,10005.0,6
1246200,,,ASH_COATED_OSMIUM,XIRECS,9985.0,9
1247800,,,ASH_COATED_OSMIUM,XIRECS,9987.0,6
1248700,,,INTARIAN_PEPPER_ROOT,XIRECS,13242.0,4
1251900,,,ASH_COATED_OSMIUM,XIRECS,9989.0,4
1252400,,,ASH_COATED_OSMIUM,XIRECS,10004.0,7
1258300,,,ASH_COATED_OSMIUM,XIRECS,10008.0,9
1258600,,,ASH_COATED_OSMIUM,XIRECS,10008.0,4
1259400,,,ASH_COATED_OSMIUM,XIRECS,9990.0,8
1260100,,,INTARIAN_PEPPER_ROOT,XIRECS,13267.0,5
1260500,,,ASH_COATED_OSMIUM,XIRECS,10005.0,7
1260800,,,ASH_COATED_OSMIUM,XIRECS,10005.0,2
1261500,,,ASH_COATED_OSMIUM,XIRECS,9990.0,2
1264100,,,INTARIAN_PEPPER_ROOT,XIRECS,13254.0,7
1265000,,,ASH_COATED_OSMIUM,XIRECS,9993.0,8
1265100,,,INTARIAN_PEPPER_ROOT,XIRECS,13261.0,6
1267000,,,ASH_COATED_OSMIUM,XIRECS,9989.0,9
1267500,,,INTARIAN_PEPPER_ROOT,XIRECS,13257.0,3
1269000,,,ASH_COATED_OSMIUM,XIRECS,10005.0,6
1269600,,,ASH_COATED_OSMIUM,XIRECS,9989.0,4
1270600,,,ASH_COATED_OSMIUM,XIRECS,10005.0,2
1270700,,,INTARIAN_PEPPER_ROOT,XIRECS,13278.0,6
1272000,,,ASH_COATED_OSMIUM,XIRECS,10008.0,5
1273000,,,ASH_COATED_OSMIUM,XIRECS,10005.0,6
1274100,,,INTARIAN_PEPPER_ROOT,XIRECS,13270.0,6
1274300,,,INTARIAN_PEPPER_ROOT,XIRECS,13278.0,8
1275800,,,ASH_COATED_OSMIUM,XIRECS,10006.0,4
1281100,,,ASH_COATED_OSMIUM,XIRECS,9990.0,2
1282600,,,INTARIAN_PEPPER_ROOT,XIRECS,13286.0,6
1282700,,,ASH_COATED_OSMIUM,XIRECS,9988.0,4
1282700,,,ASH_COATED_OSMIUM,XIRECS,10004.0,6
1291600,,,ASH_COATED_OSMIUM,XIRECS,9988.0,3
1294100,,,INTARIAN_PEPPER_ROOT,XIRECS,13301.0,3
1295500,,,ASH_COATED_OSMIUM,XIRECS,10004.0,8
1297000,,,ASH_COATED_OSMIUM,XIRECS,10003.0,9
1297500,,,ASH_COATED_OSMIUM,XIRECS,10003.0,3
1299700,,,ASH_COATED_OSMIUM,XIRECS,9986.0,2
1300000,,,INTARIAN_PEPPER_ROOT,XIRECS,13307.0,7
1301400,,,INTARIAN_PEPPER_ROOT,XIRECS,13309.0,7
1301600,,,ASH_COATED_OSMIUM,XIRECS,9990.0,9
1306000,,,INTARIAN_PEPPER_ROOT,XIRECS,13309.0,5
1306200,,,ASH_COATED_OSMIUM,XIRECS,9986.0,6
1306500,,,ASH_COATED_OSMIUM,XIRECS,10008.0,5
1307600,,,ASH_COATED_OSMIUM,XIRECS,9990.0,5
1310000,,,ASH_COATED_OSMIUM,XIRECS,10009.0,9
1311100,,,ASH_COATED_OSMIUM,XIRECS,10007.0,6
1311200,,,INTARIAN_PEPPER_ROOT,XIRECS,13304.0,3
1311700,,,INTARIAN_PEPPER_ROOT,XIRECS,13315.0,6
1313300,,,ASH_COATED_OSMIUM,XIRECS,9992.0,2
1314400,,,INTARIAN_PEPPER_ROOT,XIRECS,13322.0,6
1321100,,,ASH_COATED_OSMIUM,XIRECS,10012.0,6
1323200,,,INTARIAN_PEPPER_ROOT,XIRECS,13327.0,5
1323500,,,ASH_COATED_OSMIUM,XIRECS,9995.0,6
1324800,,,ASH_COATED_OSMIUM,XIRECS,9993.0,2
1325200,,,ASH_COATED_OSMIUM,XIRECS,10012.0,5
1327400,,,INTARIAN_PEPPER_ROOT,XIRECS,13320.0,6
1327600,,,INTARIAN_PEPPER_ROOT,XIRECS,13338.0,3
1329000,,,ASH_COATED_OSMIUM,XIRECS,9996.0,9
1330000,,,ASH_COATED_OSMIUM,XIRECS,10012.0,4
1330800,,,ASH_COATED_OSMIUM,XIRECS,9994.0,2
1331500,,,INTARIAN_PEPPER_ROOT,XIRECS,13324.0,3
1331800,,,ASH_COATED_OSMIUM,XIRECS,10011.0,8
1332800,,,ASH_COATED_OSMIUM,XIRECS,10008.0,5
1334600,,,INTARIAN_PEPPER_ROOT,XIRECS,13342.0,3
1334900,,,INTARIAN_PEPPER_ROOT,XIRECS,13328.0,3
1335500,,,INTARIAN_PEPPER_ROOT,XIRECS,13343.0,3
1335800,,,ASH_COATED_OSMIUM,XIRECS,9993.0,6
1336200,,,ASH_COATED_OSMIUM,XIRECS,9993.0,6
1336400,,,ASH_COATED_OSMIUM,XIRECS,10010.0,9
1336700,,,INTARIAN_PEPPER_ROOT,XIRECS,13344.0,6
1337000,,,ASH_COATED_OSMIUM,XIRECS,9993.0,4
1337300,,,ASH_COATED_OSMIUM,XIRECS,9994.0,7
1337600,,,INTARIAN_PEPPER_ROOT,XIRECS,13330.0,7
1340900,,,ASH_COATED_OSMIUM,XIRECS,10011.0,2
1341400,,,ASH_COATED_OSMIUM,XIRECS,9996.0,2
1342400,,,ASH_COATED_OSMIUM,XIRECS,9996.0,5
1344000,,,INTARIAN_PEPPER_ROOT,XIRECS,13339.0,3
1344400,,,ASH_COATED_OSMIUM,XIRECS,9995.0,4
1346000,,,ASH_COATED_OSMIUM,XIRECS,9995.0,3
1346400,,,ASH_COATED_OSMIUM,XIRECS,10001.0,4
1349600,,,ASH_COATED_OSMIUM,XIRECS,10011.0,4
1350600,,,ASH_COATED_OSMIUM,XIRECS,10010.0,5
1351100,,,INTARIAN_PEPPER_ROOT,XIRECS,13358.0,4
1352000,,,ASH_COATED_OSMIUM,XIRECS,10008.0,5
1352100,,,INTARIAN_PEPPER_ROOT,XIRECS,13345.0,7
1352300,,,INTARIAN_PEPPER_ROOT,XIRECS,13356.0,8
1352700,,,INTARIAN_PEPPER_ROOT,XIRECS,13360.0,6
1353000,,,ASH_COATED_OSMIUM,XIRECS,9992.0,5
1354200,,,INTARIAN_PEPPER_ROOT,XIRECS,13361.0,6
1356700,,,ASH_COATED_OSMIUM,XIRECS,10010.0,9
1357700,,,ASH_COATED_OSMIUM,XIRECS,9994.0,3
1358200,,,INTARIAN_PEPPER_ROOT,XIRECS,13351.0,3
1358400,,,INTARIAN_PEPPER_ROOT,XIRECS,13362.0,5
1358600,,,ASH_COATED_OSMIUM,XIRECS,10010.0,3
1360000,,,INTARIAN_PEPPER_ROOT,XIRECS,13364.0,7
1361400,,,ASH_COATED_OSMIUM,XIRECS,9995.0,6
1361600,,,INTARIAN_PEPPER_ROOT,XIRECS,13357.0,5
1363400,,,ASH_COATED_OSMIUM,XIRECS,10012.0,2
1365400,,,INTARIAN_PEPPER_ROOT,XIRECS,13361.0,7
1365500,,,ASH_COATED_OSMIUM,XIRECS,9998.0,3
1367500,,,INTARIAN_PEPPER_ROOT,XIRECS,13360.0,5
1371100,,,INTARIAN_PEPPER_ROOT,XIRECS,13378.0,4
1371400,,,INTARIAN_PEPPER_ROOT,XIRECS,13364.0,3
1372300,,,INTARIAN_PEPPER_ROOT,XIRECS,13368.0,6
1374800,,,INTARIAN_PEPPER_ROOT,XIRECS,13382.0,3
1375500,,,ASH_COATED_OSMIUM,XIRECS,9998.0,4
1375600,,,ASH_COATED_OSMIUM,XIRECS,10013.0,3
1376700,,,INTARIAN_PEPPER_ROOT,XIRECS,13372.0,7
1377600,,,ASH_COATED_OSMIUM,XIRECS,9993.0,4
1380900,,,ASH_COATED_OSMIUM,XIRECS,9996.0,8
1381000,,,INTARIAN_PEPPER_ROOT,XIRECS,13388.0,3
1381200,,,ASH_COATED_OSMIUM,XIRECS,10015.0,2
1383000,,,ASH_COATED_OSMIUM,XIRECS,10014.0,6
1384200,,,ASH_COATED_OSMIUM,XIRECS,9996.0,4
1389800,,,ASH_COATED_OSMIUM,XIRECS,10013.0,10
1389900,,,ASH_COATED_OSMIUM,XIRECS,9995.0,7
1390400,,,ASH_COATED_OSMIUM,XIRECS,9997.0,9
1391300,,,ASH_COATED_OSMIUM,XIRECS,9997.0,4
1392500,,,ASH_COATED_OSMIUM,XIRECS,10013.0,5
1401000,,,INTARIAN_PEPPER_ROOT,XIRECS,13396.0,8
1401700,,,ASH_COATED_OSMIUM,XIRECS,10012.0,9
1402600,,,ASH_COATED_OSMIUM,XIRECS,9995.0,5
1405400,,,ASH_COATED_OSMIUM,XIRECS,9995.0,2
1407400,,,ASH_COATED_OSMIUM,XIRECS,10010.0,8
1412800,,,ASH_COATED_OSMIUM,XIRECS,9990.0,4
1414200,,,ASH_COATED_OSMIUM,XIRECS,10008.0,6
1415400,,,INTARIAN_PEPPER_ROOT,XIRECS,13423.0,6
1416000,,,ASH_COATED_OSMIUM,XIRECS,9990.0,6
1416300,,,ASH_COATED_OSMIUM,XIRECS,9990.0,2
1417300,,,INTARIAN_PEPPER_ROOT,XIRECS,13425.0,5
1419200,,,INTARIAN_PEPPER_ROOT,XIRECS,13409.0,6
1419400,,,INTARIAN_PEPPER_ROOT,XIRECS,13427.0,4
1420500,,,INTARIAN_PEPPER_ROOT,XIRECS,13410.0,7
1423500,,,INTARIAN_PEPPER_ROOT,XIRECS,13416.0,6
1424900,,,ASH_COATED_OSMIUM,XIRECS,9992.0,6
1425100,,,INTARIAN_PEPPER_ROOT,XIRECS,13432.0,7
1425200,,,ASH_COATED_OSMIUM,XIRECS,10011.0,6
1425800,,,ASH_COATED_OSMIUM,XIRECS,9996.0,7
1427800,,,INTARIAN_PEPPER_ROOT,XIRECS,13421.0,7
1430300,,,ASH_COATED_OSMIUM,XIRECS,10012.0,4
1432100,,,INTARIAN_PEPPER_ROOT,XIRECS,13428.0,8
1433000,,,ASH_COATED_OSMIUM,XIRECS,9996.0,6
1433700,,,ASH_COATED_OSMIUM,XIRECS,9997.0,6
1435600,,,ASH_COATED_OSMIUM,XIRECS,9993.0,3
1436100,,,INTARIAN_PEPPER_ROOT,XIRECS,13440.0,5
1437800,,,INTARIAN_PEPPER_ROOT,XIRECS,13431.0,3
1439100,,,ASH_COATED_OSMIUM,XIRECS,10010.0,5
1439800,,,ASH_COATED_OSMIUM,XIRECS,10007.0,7
1440500,,,ASH_COATED_OSMIUM,XIRECS,10008.0,3
1440900,,,ASH_COATED_OSMIUM,XIRECS,9993.0,2
1441000,,,INTARIAN_PEPPER_ROOT,XIRECS,13434.0,4
1441300,,,INTARIAN_PEPPER_ROOT,XIRECS,13437.0,5
1442300,,,ASH_COATED_OSMIUM,XIRECS,10009.0,6
1442700,,,ASH_COATED_OSMIUM,XIRECS,10009.0,6
1443200,,,ASH_COATED_OSMIUM,XIRECS,10009.0,4
1444200,,,ASH_COATED_OSMIUM,XIRECS,10011.0,10
1445000,,,ASH_COATED_OSMIUM,XIRECS,10010.0,8
1448000,,,INTARIAN_PEPPER_ROOT,XIRECS,13455.0,5
1449100,,,ASH_COATED_OSMIUM,XIRECS,9996.0,8
1451000,,,ASH_COATED_OSMIUM,XIRECS,9992.0,5
1452000,,,ASH_COATED_OSMIUM,XIRECS,9991.0,5
1452300,,,ASH_COATED_OSMIUM,XIRECS,10007.0,7
1453000,,,INTARIAN_PEPPER_ROOT,XIRECS,13457.0,3
1453400,,,ASH_COATED_OSMIUM,XIRECS,9991.0,6
1453700,,,ASH_COATED_OSMIUM,XIRECS,10000.0,3
1453800,,,INTARIAN_PEPPER_ROOT,XIRECS,13449.0,7
1456200,,,ASH_COATED_OSMIUM,XIRECS,10006.0,4
1456300,,,INTARIAN_PEPPER_ROOT,XIRECS,13449.0,6
1457200,,,INTARIAN_PEPPER_ROOT,XIRECS,13450.0,6
1457500,,,INTARIAN_PEPPER_ROOT,XIRECS,13465.0,4
1458600,,,ASH_COATED_OSMIUM,XIRECS,10006.0,6
1458900,,,INTARIAN_PEPPER_ROOT,XIRECS,13466.0,7
1459800,,,INTARIAN_PEPPER_ROOT,XIRECS,13453.0,6
1462100,,,INTARIAN_PEPPER_ROOT,XIRECS,13469.0,5
1464100,,,ASH_COATED_OSMIUM,XIRECS,10007.0,6
1464500,,,INTARIAN_PEPPER_ROOT,XIRECS,13472.0,3
1465700,,,ASH_COATED_OSMIUM,XIRECS,10011.0,6
1466000,,,INTARIAN_PEPPER_ROOT,XIRECS,13461.0,3
1467500,,,INTARIAN_PEPPER_ROOT,XIRECS,13460.0,3
1467800,,,ASH_COATED_OSMIUM,XIRECS,10000.0,2
1467800,,,ASH_COATED_OSMIUM,XIRECS,10007.0,5
1468100,,,ASH_COATED_OSMIUM,XIRECS,9991.0,8
1469200,,,INTARIAN_PEPPER_ROOT,XIRECS,13462.0,6
1471900,,,ASH_COATED_OSMIUM,XIRECS,10008.0,6
1472400,,,ASH_COATED_OSMIUM,XIRECS,9992.0,3
1473000,,,INTARIAN_PEPPER_ROOT,XIRECS,13477.0,4
1473800,,,INTARIAN_PEPPER_ROOT,XIRECS,13467.0,5
1474000,,,INTARIAN_PEPPER_ROOT,XIRECS,13478.0,5
1476600,,,ASH_COATED_OSMIUM,XIRECS,10006.0,5
1477200,,,ASH_COATED_OSMIUM,XIRECS,9989.0,6
1477800,,,INTARIAN_PEPPER_ROOT,XIRECS,13485.0,5
1478700,,,ASH_COATED_OSMIUM,XIRECS,9987.0,3
1478800,,,ASH_COATED_OSMIUM,XIRECS,9990.0,6
1479800,,,ASH_COATED_OSMIUM,XIRECS,9987.0,2
1480500,,,INTARIAN_PEPPER_ROOT,XIRECS,13476.0,3
1482300,,,INTARIAN_PEPPER_ROOT,XIRECS,13475.0,5
1482800,,,ASH_COATED_OSMIUM,XIRECS,9985.0,5
1482900,,,ASH_COATED_OSMIUM,XIRECS,9987.0,5
1486200,,,INTARIAN_PEPPER_ROOT,XIRECS,13490.0,8
1486700,,,INTARIAN_PEPPER_ROOT,XIRECS,13482.0,8
1487400,,,ASH_COATED_OSMIUM,XIRECS,10001.0,3
1487700,,,ASH_COATED_OSMIUM,XIRECS,9983.0,4
1487900,,,ASH_COATED_OSMIUM,XIRECS,9985.0,5
1489600,,,INTARIAN_PEPPER_ROOT,XIRECS,13482.0,3
1489700,,,ASH_COATED_OSMIUM,XIRECS,10002.0,7
1490500,,,INTARIAN_PEPPER_ROOT,XIRECS,13483.0,5
1494000,,,INTARIAN_PEPPER_ROOT,XIRECS,13483.0,4
1494500,,,ASH_COATED_OSMIUM,XIRECS,10003.0,3
1496000,,,INTARIAN_PEPPER_ROOT,XIRECS,13489.0,4
1498900,,,ASH_COATED_OSMIUM,XIRECS,9987.0,8
1500000,,,INTARIAN_PEPPER_ROOT,XIRECS,13504.0,3
1500200,,,ASH_COATED_OSMIUM,XIRECS,9987.0,4
1501300,,,INTARIAN_PEPPER_ROOT,XIRECS,13505.0,7
1502300,,,ASH_COATED_OSMIUM,XIRECS,9989.0,4
1502900,,,ASH_COATED_OSMIUM,XIRECS,10005.0,2
1503300,,,ASH_COATED_OSMIUM,XIRECS,10005.0,3
1503500,,,INTARIAN_PEPPER_ROOT,XIRECS,13496.0,6
1508000,,,INTARIAN_PEPPER_ROOT,XIRECS,13501.0,3
1509900,,,INTARIAN_PEPPER_ROOT,XIRECS,13499.0,7
1511200,,,ASH_COATED_OSMIUM,XIRECS,9992.0,4
1511700,,,ASH_COATED_OSMIUM,XIRECS,10008.0,6
1512700,,,ASH_COATED_OSMIUM,XIRECS,10009.0,4
1512800,,,ASH_COATED_OSMIUM,XIRECS,9993.0,7
1513000,,,INTARIAN_PEPPER_ROOT,XIRECS,13520.0,5
1514500,,,ASH_COATED_OSMIUM,XIRECS,9994.0,5
1516300,,,ASH_COATED_OSMIUM,XIRECS,10012.0,5
1517400,,,ASH_COATED_OSMIUM,XIRECS,10011.0,5
1519400,,,INTARIAN_PEPPER_ROOT,XIRECS,13527.0,7
1520900,,,INTARIAN_PEPPER_ROOT,XIRECS,13510.0,5
1521800,,,INTARIAN_PEPPER_ROOT,XIRECS,13515.0,5
1522000,,,ASH_COATED_OSMIUM,XIRECS,9996.0,4
1522700,,,ASH_COATED_OSMIUM,XIRECS,10011.0,5
1525900,,,ASH_COATED_OSMIUM,XIRECS,9993.0,4
1531800,,,INTARIAN_PEPPER_ROOT,XIRECS,13525.0,4
1532500,,,ASH_COATED_OSMIUM,XIRECS,9988.0,3
1536300,,,ASH_COATED_OSMIUM,XIRECS,9985.0,6
1536900,,,INTARIAN_PEPPER_ROOT,XIRECS,13544.0,3
1537400,,,ASH_COATED_OSMIUM,XIRECS,10002.0,3
1540100,,,INTARIAN_PEPPER_ROOT,XIRECS,13533.0,6
1540300,,,ASH_COATED_OSMIUM,XIRECS,10003.0,2
1545300,,,INTARIAN_PEPPER_ROOT,XIRECS,13553.0,7
1547300,,,ASH_COATED_OSMIUM,XIRECS,9990.0,9
1552900,,,ASH_COATED_OSMIUM,XIRECS,9988.0,10
1554400,,,ASH_COATED_OSMIUM,XIRECS,9988.0,10
1556200,,,INTARIAN_PEPPER_ROOT,XIRECS,13549.0,3
1556700,,,INTARIAN_PEPPER_ROOT,XIRECS,13552.0,8
1556900,,,ASH_COATED_OSMIUM,XIRECS,9986.0,2
1557000,,,INTARIAN_PEPPER_ROOT,XIRECS,13564.0,3
1557700,,,ASH_COATED_OSMIUM,XIRECS,9989.0,8
1560300,,,ASH_COATED_OSMIUM,XIRECS,10006.0,6
1561300,,,INTARIAN_PEPPER_ROOT,XIRECS,13557.0,3
1563900,,,ASH_COATED_OSMIUM,XIRECS,10007.0,3
1564900,,,INTARIAN_PEPPER_ROOT,XIRECS,13560.0,6
1566100,,,INTARIAN_PEPPER_ROOT,XIRECS,13562.0,3
1566600,,,ASH_COATED_OSMIUM,XIRECS,10007.0,7
1566900,,,INTARIAN_PEPPER_ROOT,XIRECS,13560.0,3
1567300,,,ASH_COATED_OSMIUM,XIRECS,9989.0,10
1570200,,,INTARIAN_PEPPER_ROOT,XIRECS,13577.0,5
1573200,,,ASH_COATED_OSMIUM,XIRECS,10007.0,3
1574100,,,ASH_COATED_OSMIUM,XIRECS,10008.0,5
1574200,,,ASH_COATED_OSMIUM,XIRECS,9992.0,2
1574500,,,ASH_COATED_OSMIUM,XIRECS,9993.0,3
1576600,,,INTARIAN_PEPPER_ROOT,XIRECS,13584.0,5
1579800,,,INTARIAN_PEPPER_ROOT,XIRECS,13587.0,7
1580300,,,INTARIAN_PEPPER_ROOT,XIRECS,13573.0,7
1581500,,,ASH_COATED_OSMIUM,XIRECS,10012.0,2
1582300,,,INTARIAN_PEPPER_ROOT,XIRECS,13572.0,5
1583900,,,ASH_COATED_OSMIUM,XIRECS,10007.0,7
1584000,,,ASH_COATED_OSMIUM,XIRECS,10010.0,8
1584400,,,INTARIAN_PEPPER_ROOT,XIRECS,13595.0,4
1585300,,,INTARIAN_PEPPER_ROOT,XIRECS,13578.0,5
1590300,,,ASH_COATED_OSMIUM,XIRECS,10002.0,3
1590400,,,INTARIAN_PEPPER_ROOT,XIRECS,13601.0,3
1592000,,,INTARIAN_PEPPER_ROOT,XIRECS,13596.0,6
1593800,,,INTARIAN_PEPPER_ROOT,XIRECS,13601.0,3
1595000,,,ASH_COATED_OSMIUM,XIRECS,10008.0,2
1600500,,,INTARIAN_PEPPER_ROOT,XIRECS,13593.0,6
1600600,,,ASH_COATED_OSMIUM,XIRECS,9993.0,6
1603100,,,ASH_COATED_OSMIUM,XIRECS,9992.0,3
1605900,,,INTARIAN_PEPPER_ROOT,XIRECS,13599.0,3
1607400,,,ASH_COATED_OSMIUM,XIRECS,9992.0,3
1607800,,,ASH_COATED_OSMIUM,XIRECS,10010.0,5
1610500,,,INTARIAN_PEPPER_ROOT,XIRECS,13603.0,5
1611600,,,ASH_COATED_OSMIUM,XIRECS,9993.0,6
1611900,,,ASH_COATED_OSMIUM,XIRECS,9989.0,5
1612000,,,ASH_COATED_OSMIUM,XIRECS,10002.0,2
1612300,,,INTARIAN_PEPPER_ROOT,XIRECS,13608.0,8
1615600,,,ASH_COATED_OSMIUM,XIRECS,10009.0,5
1620700,,,ASH_COATED_OSMIUM,XIRECS,10009.0,8
1622900,,,ASH_COATED_OSMIUM,XIRECS,10013.0,4
1623400,,,INTARIAN_PEPPER_ROOT,XIRECS,13631.0,6
1624500,,,ASH_COATED_OSMIUM,XIRECS,9994.0,6
1628900,,,ASH_COATED_OSMIUM,XIRECS,10006.0,6
1629200,,,INTARIAN_PEPPER_ROOT,XIRECS,13622.0,4
1631100,,,INTARIAN_PEPPER_ROOT,XIRECS,13624.0,6
1632300,,,ASH_COATED_OSMIUM,XIRECS,10005.0,5
1634200,,,ASH_COATED_OSMIUM,XIRECS,9986.0,2
1634500,,,INTARIAN_PEPPER_ROOT,XIRECS,13642.0,6
1636500,,,INTARIAN_PEPPER_ROOT,XIRECS,13629.0,5
1637100,,,INTARIAN_PEPPER_ROOT,XIRECS,13644.0,6
1639100,,,ASH_COATED_OSMIUM,XIRECS,10002.0,8
1639300,,,INTARIAN_PEPPER_ROOT,XIRECS,13632.0,3
1640000,,,INTARIAN_PEPPER_ROOT,XIRECS,13633.0,4
1640200,,,INTARIAN_PEPPER_ROOT,XIRECS,13648.0,6
1640600,,,ASH_COATED_OSMIUM,XIRECS,9991.0,3
1641500,,,INTARIAN_PEPPER_ROOT,XIRECS,13645.0,5
1642300,,,INTARIAN_PEPPER_ROOT,XIRECS,13650.0,4
1643100,,,ASH_COATED_OSMIUM,XIRECS,10003.0,6
1643100,,,INTARIAN_PEPPER_ROOT,XIRECS,13632.0,5
1644500,,,ASH_COATED_OSMIUM,XIRECS,9999.0,6
1645700,,,ASH_COATED_OSMIUM,XIRECS,9999.0,8
1645800,,,ASH_COATED_OSMIUM,XIRECS,9980.0,2
1646000,,,INTARIAN_PEPPER_ROOT,XIRECS,13657.0,4
1647700,,,ASH_COATED_OSMIUM,XIRECS,10001.0,5
1650800,,,ASH_COATED_OSMIUM,XIRECS,9994.0,4
1653900,,,ASH_COATED_OSMIUM,XIRECS,9990.0,6
1654800,,,ASH_COATED_OSMIUM,XIRECS,9991.0,6
1656300,,,ASH_COATED_OSMIUM,XIRECS,9991.0,3
1656600,,,INTARIAN_PEPPER_ROOT,XIRECS,13667.0,6
1656900,,,ASH_COATED_OSMIUM,XIRECS,9990.0,10
1658400,,,ASH_COATED_OSMIUM,XIRECS,10001.0,3
1658400,,,ASH_COATED_OSMIUM,XIRECS,10007.0,9
1660600,,,ASH_COATED_OSMIUM,XIRECS,10009.0,4
1660600,,,INTARIAN_PEPPER_ROOT,XIRECS,13653.0,3
1662600,,,INTARIAN_PEPPER_ROOT,XIRECS,13666.0,6
1666800,,,ASH_COATED_OSMIUM,XIRECS,9991.0,4
1667200,,,ASH_COATED_OSMIUM,XIRECS,9991.0,5
1668400,,,ASH_COATED_OSMIUM,XIRECS,10005.0,2
1668400,,,INTARIAN_PEPPER_ROOT,XIRECS,13676.0,4
1670000,,,INTARIAN_PEPPER_ROOT,XIRECS,13677.0,7
1672400,,,INTARIAN_PEPPER_ROOT,XIRECS,13665.0,3
1673600,,,ASH_COATED_OSMIUM,XIRECS,9983.0,10
1673600,,,INTARIAN_PEPPER_ROOT,XIRECS,13677.0,6
1677200,,,ASH_COATED_OSMIUM,XIRECS,9981.0,4
1677500,,,ASH_COATED_OSMIUM,XIRECS,9983.0,2
1677700,,,INTARIAN_PEPPER_ROOT,XIRECS,13670.0,4
1678000,,,INTARIAN_PEPPER_ROOT,XIRECS,13671.0,3
1679600,,,ASH_COATED_OSMIUM,XIRECS,10001.0,5
1681200,,,ASH_COATED_OSMIUM,XIRECS,10000.0,9
1681900,,,ASH_COATED_OSMIUM,XIRECS,9991.0,3
1681900,,,INTARIAN_PEPPER_ROOT,XIRECS,13689.0,7
1683100,,,INTARIAN_PEPPER_ROOT,XIRECS,13690.0,4
1683300,,,ASH_COATED_OSMIUM,XIRECS,10005.0,4
1685400,,,ASH_COATED_OSMIUM,XIRECS,10006.0,7
1687500,,,INTARIAN_PEPPER_ROOT,XIRECS,13680.0,4
1687700,,,INTARIAN_PEPPER_ROOT,XIRECS,13683.0,7
1688200,,,INTARIAN_PEPPER_ROOT,XIRECS,13699.0,3
1689500,,,ASH_COATED_OSMIUM,XIRECS,10004.0,6
1690100,,,INTARIAN_PEPPER_ROOT,XIRECS,13697.0,6
1690400,,,INTARIAN_PEPPER_ROOT,XIRECS,13683.0,3
1690500,,,INTARIAN_PEPPER_ROOT,XIRECS,13698.0,3
1690600,,,INTARIAN_PEPPER_ROOT,XIRECS,13694.0,5
1690700,,,ASH_COATED_OSMIUM,XIRECS,9986.0,5
1691200,,,ASH_COATED_OSMIUM,XIRECS,9988.0,4
1691800,,,INTARIAN_PEPPER_ROOT,XIRECS,13684.0,7
1692200,,,INTARIAN_PEPPER_ROOT,XIRECS,13681.0,4
1699900,,,ASH_COATED_OSMIUM,XIRECS,10010.0,6
1700100,,,ASH_COATED_OSMIUM,XIRECS,10010.0,6
1700700,,,ASH_COATED_OSMIUM,XIRECS,10013.0,6
1700800,,,ASH_COATED_OSMIUM,XIRECS,9995.0,3
1701000,,,INTARIAN_PEPPER_ROOT,XIRECS,13696.0,4
1702100,,,INTARIAN_PEPPER_ROOT,XIRECS,13709.0,7
1703000,,,INTARIAN_PEPPER_ROOT,XIRECS,13696.0,5
1703500,,,ASH_COATED_OSMIUM,XIRECS,9997.0,4
1704300,,,ASH_COATED_OSMIUM,XIRECS,9997.0,2
1705400,,,ASH_COATED_OSMIUM,XIRECS,9996.0,7
1708200,,,ASH_COATED_OSMIUM,XIRECS,9996.0,5
1708800,,,INTARIAN_PEPPER_ROOT,XIRECS,13716.0,4
1709100,,,ASH_COATED_OSMIUM,XIRECS,9998.0,6
1710200,,,ASH_COATED_OSMIUM,XIRECS,10013.0,8
1712500,,,ASH_COATED_OSMIUM,XIRECS,10013.0,5
1714900,,,ASH_COATED_OSMIUM,XIRECS,10003.0,5
1717400,,,INTARIAN_PEPPER_ROOT,XIRECS,13725.0,4
1720800,,,ASH_COATED_OSMIUM,XIRECS,10014.0,4
1722300,,,INTARIAN_PEPPER_ROOT,XIRECS,13726.0,4
1723500,,,ASH_COATED_OSMIUM,XIRECS,9995.0,6
1724700,,,INTARIAN_PEPPER_ROOT,XIRECS,13732.0,4
1725700,,,ASH_COATED_OSMIUM,XIRECS,9993.0,8
1726200,,,ASH_COATED_OSMIUM,XIRECS,9994.0,5
1727400,,,INTARIAN_PEPPER_ROOT,XIRECS,13735.0,6
1727600,,,INTARIAN_PEPPER_ROOT,XIRECS,13735.0,3
1728600,,,INTARIAN_PEPPER_ROOT,XIRECS,13721.0,5
1729100,,,ASH_COATED_OSMIUM,XIRECS,10012.0,8
1729700,,,ASH_COATED_OSMIUM,XIRECS,9996.0,5
1730400,,,ASH_COATED_OSMIUM,XIRECS,10013.0,6
1730900,,,ASH_COATED_OSMIUM,XIRECS,9993.0,5
1731200,,,ASH_COATED_OSMIUM,XIRECS,10012.0,9
1733700,,,INTARIAN_PEPPER_ROOT,XIRECS,13741.0,3
1734900,,,ASH_COATED_OSMIUM,XIRECS,9996.0,5
1735200,,,ASH_COATED_OSMIUM,XIRECS,10015.0,5
1736900,,,ASH_COATED_OSMIUM,XIRECS,10013.0,5
1737500,,,INTARIAN_PEPPER_ROOT,XIRECS,13741.0,3
1739500,,,ASH_COATED_OSMIUM,XIRECS,9997.0,10
1739600,,,ASH_COATED_OSMIUM,XIRECS,10013.0,6
1742000,,,ASH_COATED_OSMIUM,XIRECS,10017.0,5
1742000,,,INTARIAN_PEPPER_ROOT,XIRECS,13737.0,8
1743900,,,ASH_COATED_OSMIUM,XIRECS,9998.0,4
1745600,,,ASH_COATED_OSMIUM,XIRECS,9998.0,6
1746100,,,ASH_COATED_OSMIUM,XIRECS,9998.0,4
1746100,,,ASH_COATED_OSMIUM,XIRECS,10016.0,8
1750600,,,ASH_COATED_OSMIUM,XIRECS,9999.0,5
1752300,,,ASH_COATED_OSMIUM,XIRECS,10009.0,4
1753100,,,INTARIAN_PEPPER_ROOT,XIRECS,13764.0,7
1754100,,,ASH_COATED_OSMIUM,XIRECS,10009.0,4
1754400,,,ASH_COATED_OSMIUM,XIRECS,10009.0,5
1755700,,,INTARIAN_PEPPER_ROOT,XIRECS,13748.0,7
1755900,,,ASH_COATED_OSMIUM,XIRECS,10007.0,4
1755900,,,INTARIAN_PEPPER_ROOT,XIRECS,13763.0,3
1756600,,,ASH_COATED_OSMIUM,XIRECS,9992.0,6
1756600,,,ASH_COATED_OSMIUM,XIRECS,9992.0,5
1756900,,,ASH_COATED_OSMIUM,XIRECS,9991.0,5
1757200,,,ASH_COATED_OSMIUM,XIRECS,9991.0,9
1758700,,,ASH_COATED_OSMIUM,XIRECS,9991.0,6
1763200,,,INTARIAN_PEPPER_ROOT,XIRECS,13774.0,4
1763800,,,INTARIAN_PEPPER_ROOT,XIRECS,13771.0,6
1763900,,,ASH_COATED_OSMIUM,XIRECS,9988.0,8
1764100,,,ASH_COATED_OSMIUM,XIRECS,9988.0,6
1764500,,,INTARIAN_PEPPER_ROOT,XIRECS,13757.0,5
1766000,,,INTARIAN_PEPPER_ROOT,XIRECS,13770.0,4
1770300,,,INTARIAN_PEPPER_ROOT,XIRECS,13763.0,4
1771800,,,INTARIAN_PEPPER_ROOT,XIRECS,13775.0,6
1775000,,,ASH_COATED_OSMIUM,XIRECS,9989.0,4
1775500,,,INTARIAN_PEPPER_ROOT,XIRECS,13779.0,7
1777200,,,ASH_COATED_OSMIUM,XIRECS,9999.0,10
1777200,,,INTARIAN_PEPPER_ROOT,XIRECS,13770.0,5
1780300,,,ASH_COATED_OSMIUM,XIRECS,10000.0,2
1781100,,,INTARIAN_PEPPER_ROOT,XIRECS,13785.0,7
1782500,,,ASH_COATED_OSMIUM,XIRECS,9999.0,7
1783500,,,INTARIAN_PEPPER_ROOT,XIRECS,13776.0,4
1785300,,,INTARIAN_PEPPER_ROOT,XIRECS,13774.0,3
1787000,,,INTARIAN_PEPPER_ROOT,XIRECS,13791.0,6
1787500,,,INTARIAN_PEPPER_ROOT,XIRECS,13780.0,4
1788000,,,ASH_COATED_OSMIUM,XIRECS,10002.0,5
1789900,,,ASH_COATED_OSMIUM,XIRECS,9984.0,2
1791700,,,INTARIAN_PEPPER_ROOT,XIRECS,13787.0,6
1792100,,,ASH_COATED_OSMIUM,XIRECS,9985.0,5
1793700,,,ASH_COATED_OSMIUM,XIRECS,10000.0,10
1793900,,,INTARIAN_PEPPER_ROOT,XIRECS,13801.0,4
1796100,,,INTARIAN_PEPPER_ROOT,XIRECS,13800.0,5
1796500,,,INTARIAN_PEPPER_ROOT,XIRECS,13789.0,5
1796600,,,INTARIAN_PEPPER_ROOT,XIRECS,13800.0,7
1796700,,,ASH_COATED_OSMIUM,XIRECS,9983.0,4
1798600,,,INTARIAN_PEPPER_ROOT,XIRECS,13806.0,5
1802000,,,ASH_COATED_OSMIUM,XIRECS,9995.0,5
1802400,,,ASH_COATED_OSMIUM,XIRECS,9992.0,3
1803100,,,ASH_COATED_OSMIUM,XIRECS,10002.0,5
1805400,,,ASH_COATED_OSMIUM,XIRECS,9995.0,4
1806200,,,ASH_COATED_OSMIUM,XIRECS,9986.0,2
1806300,,,INTARIAN_PEPPER_ROOT,XIRECS,13795.0,7
1806400,,,INTARIAN_PEPPER_ROOT,XIRECS,13817.0,3
1809500,,,ASH_COATED_OSMIUM,XIRECS,9994.0,4
1810900,,,ASH_COATED_OSMIUM,XIRECS,10009.0,2
1811900,,,INTARIAN_PEPPER_ROOT,XIRECS,13804.0,6
1813200,,,INTARIAN_PEPPER_ROOT,XIRECS,13806.0,3
1815800,,,ASH_COATED_OSMIUM,XIRECS,10009.0,4
1815900,,,INTARIAN_PEPPER_ROOT,XIRECS,13820.0,3
1821100,,,ASH_COATED_OSMIUM,XIRECS,10004.0,8
1823600,,,ASH_COATED_OSMIUM,XIRECS,10004.0,6
1825200,,,INTARIAN_PEPPER_ROOT,XIRECS,13829.0,4
1825700,,,INTARIAN_PEPPER_ROOT,XIRECS,13829.0,6
1829800,,,INTARIAN_PEPPER_ROOT,XIRECS,13833.0,7
1833100,,,ASH_COATED_OSMIUM,XIRECS,9993.0,5
1833300,,,INTARIAN_PEPPER_ROOT,XIRECS,13822.0,7
1833400,,,INTARIAN_PEPPER_ROOT,XIRECS,13826.0,3
1835700,,,ASH_COATED_OSMIUM,XIRECS,10011.0,8
1836800,,,ASH_COATED_OSMIUM,XIRECS,9992.0,7
1837300,,,INTARIAN_PEPPER_ROOT,XIRECS,13845.0,3
1839500,,,INTARIAN_PEPPER_ROOT,XIRECS,13847.0,6
1839900,,,ASH_COATED_OSMIUM,XIRECS,10010.0,4
1840900,,,INTARIAN_PEPPER_ROOT,XIRECS,13836.0,8
1841500,,,ASH_COATED_OSMIUM,XIRECS,9993.0,6
1842900,,,INTARIAN_PEPPER_ROOT,XIRECS,13835.0,3
1843200,,,ASH_COATED_OSMIUM,XIRECS,10007.0,5
1843500,,,ASH_COATED_OSMIUM,XIRECS,9991.0,5
1844300,,,INTARIAN_PEPPER_ROOT,XIRECS,13848.0,7
1844800,,,INTARIAN_PEPPER_ROOT,XIRECS,13840.0,5
1845400,,,INTARIAN_PEPPER_ROOT,XIRECS,13841.0,7
1845500,,,ASH_COATED_OSMIUM,XIRECS,10007.0,3
1845800,,,ASH_COATED_OSMIUM,XIRECS,10007.0,3
1846200,,,INTARIAN_PEPPER_ROOT,XIRECS,13839.0,4
1846700,,,INTARIAN_PEPPER_ROOT,XIRECS,13854.0,6
1847100,,,ASH_COATED_OSMIUM,XIRECS,10006.0,2
1847200,,,INTARIAN_PEPPER_ROOT,XIRECS,13855.0,5
1847500,,,ASH_COATED_OSMIUM,XIRECS,10007.0,8
1847700,,,ASH_COATED_OSMIUM,XIRECS,10007.0,5
1847800,,,ASH_COATED_OSMIUM,XIRECS,9990.0,7
1848300,,,ASH_COATED_OSMIUM,XIRECS,9990.0,5
1852000,,,ASH_COATED_OSMIUM,XIRECS,10008.0,6
1852500,,,ASH_COATED_OSMIUM,XIRECS,9994.0,3
1852700,,,ASH_COATED_OSMIUM,XIRECS,9994.0,3
1854300,,,INTARIAN_PEPPER_ROOT,XIRECS,13862.0,3
1857700,,,INTARIAN_PEPPER_ROOT,XIRECS,13850.0,4
1858500,,,INTARIAN_PEPPER_ROOT,XIRECS,13851.0,6
1859900,,,ASH_COATED_OSMIUM,XIRECS,9990.0,4
1861900,,,INTARIAN_PEPPER_ROOT,XIRECS,13854.0,7
1862000,,,ASH_COATED_OSMIUM,XIRECS,10004.0,2
1864800,,,ASH_COATED_OSMIUM,XIRECS,10006.0,8
1865000,,,ASH_COATED_OSMIUM,XIRECS,9990.0,6
1868000,,,ASH_COATED_OSMIUM,XIRECS,9988.0,3
1870000,,,INTARIAN_PEPPER_ROOT,XIRECS,13877.0,7
1871100,,,ASH_COATED_OSMIUM,XIRECS,10005.0,5
1871700,,,ASH_COATED_OSMIUM,XIRECS,9989.0,2
1871900,,,ASH_COATED_OSMIUM,XIRECS,10005.0,2
1874400,,,ASH_COATED_OSMIUM,XIRECS,9990.0,5
1875400,,,ASH_COATED_OSMIUM,XIRECS,9990.0,5
1875800,,,INTARIAN_PEPPER_ROOT,XIRECS,13868.0,3
1877900,,,ASH_COATED_OSMIUM,XIRECS,9989.0,7
1878000,,,INTARIAN_PEPPER_ROOT,XIRECS,13873.0,4
1878400,,,ASH_COATED_OSMIUM,XIRECS,10004.0,5
1881000,,,ASH_COATED_OSMIUM,XIRECS,9983.0,4
1881200,,,INTARIAN_PEPPER_ROOT,XIRECS,13885.0,4
1883700,,,INTARIAN_PEPPER_ROOT,XIRECS,13876.0,5
1886000,,,INTARIAN_PEPPER_ROOT,XIRECS,13890.0,3
1887000,,,INTARIAN_PEPPER_ROOT,XIRECS,13891.0,4
1887700,,,ASH_COATED_OSMIUM,XIRECS,10004.0,6
1887900,,,INTARIAN_PEPPER_ROOT,XIRECS,13880.0,4
1889300,,,INTARIAN_PEPPER_ROOT,XIRECS,13897.0,4
1891200,,,INTARIAN_PEPPER_ROOT,XIRECS,13899.0,7
1892900,,,ASH_COATED_OSMIUM,XIRECS,10006.0,8
1893400,,,ASH_COATED_OSMIUM,XIRECS,9990.0,4
1898100,,,INTARIAN_PEPPER_ROOT,XIRECS,13893.0,8
1899200,,,ASH_COATED_OSMIUM,XIRECS,10009.0,5
1899500,,,INTARIAN_PEPPER_ROOT,XIRECS,13907.0,6
1901500,,,ASH_COATED_OSMIUM,XIRECS,10009.0,8
1902100,,,ASH_COATED_OSMIUM,XIRECS,9992.0,3
1904900,,,ASH_COATED_OSMIUM,XIRECS,10007.0,3
1905000,,,ASH_COATED_OSMIUM,XIRECS,9988.0,10
1905300,,,ASH_COATED_OSMIUM,XIRECS,9991.0,4
1907600,,,INTARIAN_PEPPER_ROOT,XIRECS,13915.0,6
1907700,,,INTARIAN_PEPPER_ROOT,XIRECS,13919.0,7
1909600,,,ASH_COATED_OSMIUM,XIRECS,9991.0,4
1909900,,,ASH_COATED_OSMIUM,XIRECS,10008.0,8
1911000,,,INTARIAN_PEPPER_ROOT,XIRECS,13904.0,5
1911400,,,ASH_COATED_OSMIUM,XIRECS,10008.0,2
1912600,,,ASH_COATED_OSMIUM,XIRECS,10011.0,3
1912600,,,INTARIAN_PEPPER_ROOT,XIRECS,13920.0,7
1914900,,,INTARIAN_PEPPER_ROOT,XIRECS,13926.0,5
1917900,,,ASH_COATED_OSMIUM,XIRECS,10010.0,5
1918600,,,INTARIAN_PEPPER_ROOT,XIRECS,13926.0,7
1919200,,,ASH_COATED_OSMIUM,XIRECS,9995.0,3
1920500,,,INTARIAN_PEPPER_ROOT,XIRECS,13928.0,4
1920900,,,ASH_COATED_OSMIUM,XIRECS,10011.0,3
1921100,,,INTARIAN_PEPPER_ROOT,XIRECS,13929.0,5
1921200,,,ASH_COATED_OSMIUM,XIRECS,10010.0,10
1922700,,,INTARIAN_PEPPER_ROOT,XIRECS,13930.0,3
1922800,,,INTARIAN_PEPPER_ROOT,XIRECS,13915.0,7
1923700,,,ASH_COATED_OSMIUM,XIRECS,9995.0,3
1923800,,,ASH_COATED_OSMIUM,XIRECS,10005.0,4
1927200,,,INTARIAN_PEPPER_ROOT,XIRECS,13931.0,3
1928500,,,ASH_COATED_OSMIUM,XIRECS,9996.0,3
1929100,,,ASH_COATED_OSMIUM,XIRECS,9995.0,4
1929700,,,ASH_COATED_OSMIUM,XIRECS,10012.0,2
1929900,,,INTARIAN_PEPPER_ROOT,XIRECS,13934.0,7
1931000,,,ASH_COATED_OSMIUM,XIRECS,10001.0,5
1932600,,,ASH_COATED_OSMIUM,XIRECS,10014.0,10
1933700,,,INTARIAN_PEPPER_ROOT,XIRECS,13941.0,6
1934300,,,ASH_COATED_OSMIUM,XIRECS,10012.0,3
1935900,,,ASH_COATED_OSMIUM,XIRECS,9995.0,8
1936600,,,INTARIAN_PEPPER_ROOT,XIRECS,13932.0,8
1938100,,,INTARIAN_PEPPER_ROOT,XIRECS,13927.0,6
1939100,,,ASH_COATED_OSMIUM,XIRECS,10011.0,2
1939500,,,ASH_COATED_OSMIUM,XIRECS,10011.0,9
1939600,,,ASH_COATED_OSMIUM,XIRECS,10011.0,6
1942700,,,INTARIAN_PEPPER_ROOT,XIRECS,13938.0,3
1946100,,,ASH_COATED_OSMIUM,XIRECS,9995.0,10
1947900,,,INTARIAN_PEPPER_ROOT,XIRECS,13943.0,5
1948000,,,INTARIAN_PEPPER_ROOT,XIRECS,13941.0,6
1948200,,,INTARIAN_PEPPER_ROOT,XIRECS,13956.0,6
1948400,,,ASH_COATED_OSMIUM,XIRECS,10013.0,7
1949600,,,ASH_COATED_OSMIUM,XIRECS,10011.0,2
1949900,,,INTARIAN_PEPPER_ROOT,XIRECS,13957.0,4
1956600,,,ASH_COATED_OSMIUM,XIRECS,9990.0,3
1958100,,,INTARIAN_PEPPER_ROOT,XIRECS,13969.0,6
1959100,,,INTARIAN_PEPPER_ROOT,XIRECS,13963.0,3
1960400,,,ASH_COATED_OSMIUM,XIRECS,9989.0,4
1964400,,,ASH_COATED_OSMIUM,XIRECS,10005.0,3
1965000,,,INTARIAN_PEPPER_ROOT,XIRECS,13958.0,7
1965600,,,INTARIAN_PEPPER_ROOT,XIRECS,13958.0,5
1966200,,,INTARIAN_PEPPER_ROOT,XIRECS,13959.0,5
1971300,,,ASH_COATED_OSMIUM,XIRECS,10000.0,5
1973900,,,INTARIAN_PEPPER_ROOT,XIRECS,13981.0,5
1974600,,,INTARIAN_PEPPER_ROOT,XIRECS,13964.0,7
1975000,,,ASH_COATED_OSMIUM,XIRECS,10003.0,4
1975500,,,ASH_COATED_OSMIUM,XIRECS,9985.0,2
1975900,,,ASH_COATED_OSMIUM,XIRECS,10001.0,3
1976500,,,ASH_COATED_OSMIUM,XIRECS,9985.0,6
1976500,,,INTARIAN_PEPPER_ROOT,XIRECS,13987.0,5
1976900,,,INTARIAN_PEPPER_ROOT,XIRECS,13984.0,3
1977200,,,INTARIAN_PEPPER_ROOT,XIRECS,13973.0,5
1978400,,,INTARIAN_PEPPER_ROOT,XIRECS,13986.0,6
1978600,,,ASH_COATED_OSMIUM,XIRECS,9986.0,3
1981200,,,ASH_COATED_OSMIUM,XIRECS,10001.0,5
1981200,,,INTARIAN_PEPPER_ROOT,XIRECS,13977.0,3
1983000,,,INTARIAN_PEPPER_ROOT,XIRECS,13976.0,6
1984500,,,ASH_COATED_OSMIUM,XIRECS,9990.0,4
1985700,,,ASH_COATED_OSMIUM,XIRECS,9995.0,3
1986600,,,ASH_COATED_OSMIUM,XIRECS,10002.0,3
1986800,,,ASH_COATED_OSMIUM,XIRECS,9987.0,6
1987500,,,ASH_COATED_OSMIUM,XIRECS,10002.0,6
1987600,,,INTARIAN_PEPPER_ROOT,XIRECS,13977.0,3
1989300,,,ASH_COATED_OSMIUM,XIRECS,9985.0,2
1989900,,,INTARIAN_PEPPER_ROOT,XIRECS,13982.0,4
1991100,,,INTARIAN_PEPPER_ROOT,XIRECS,13984.0,6
1991400,,,ASH_COATED_OSMIUM,XIRECS,9983.0,9
1993300,,,ASH_COATED_OSMIUM,XIRECS,9984.0,5
1994400,,,INTARIAN_PEPPER_ROOT,XIRECS,13987.0,3
1995100,,,INTARIAN_PEPPER_ROOT,XIRECS,13999.0,7
1995600,,,ASH_COATED_OSMIUM,XIRECS,10001.0,6
1997200,,,ASH_COATED_OSMIUM,XIRECS,9985.0,4
